{
	"credit": "Made by PolygonMC",
	"texture_size": [12, 12],
	"textures": {
		"0": "sunblock:item/evergreenset/key",
		"particle": "sunblock:item/evergreenset/key"
	},
	"elements": [
		{
			"from": [7.5, 7.43934, 9.375],
			"to": [8.5, 9.43934, 11.375],
			"rotation": {"angle": -45, "axis": "x", "origin": [8, 8.43934, 10.375]},
			"faces": {
				"north": {"uv": [8, 2.66667, 9.33333, 5.33333], "texture": "#0"},
				"east": {"uv": [0, 0, 2.66667, 2.66667], "texture": "#0"},
				"south": {"uv": [5.33333, 8, 6.66667, 10.66667], "texture": "#0"},
				"west": {"uv": [0, 2.66667, 2.66667, 5.33333], "texture": "#0"},
				"up": {"uv": [9.33333, 8, 8, 5.33333], "texture": "#0"},
				"down": {"uv": [8, 8, 6.66667, 10.66667], "texture": "#0"}
			}
		},
		{
			"from": [7.25, 7.68934, 9.625],
			"to": [8.75, 9.18934, 11.125],
			"rotation": {"angle": -45, "axis": "x", "origin": [8, 8.43934, 10.375]},
			"faces": {
				"north": {"uv": [2.66667, 5.33333, 4.66667, 7.33333], "texture": "#0"},
				"east": {"uv": [5.33333, 2.66667, 7.33333, 4.66667], "texture": "#0"},
				"south": {"uv": [5.33333, 5.33333, 7.33333, 7.33333], "texture": "#0"},
				"west": {"uv": [0, 8, 2, 10], "texture": "#0"},
				"up": {"uv": [10, 2, 8, 0], "texture": "#0"},
				"down": {"uv": [4.66667, 8, 2.66667, 10], "texture": "#0"}
			}
		},
		{
			"from": [7.525, 7.96434, 8.625],
			"to": [8.475, 8.91434, 9.625],
			"rotation": {"angle": 0, "axis": "y", "origin": [7.5, 7.93934, 7.625]},
			"faces": {
				"north": {"uv": [9.33333, 5.33333, 10.66667, 6.66667], "texture": "#0"},
				"east": {"uv": [9.33333, 6.66667, 10.66667, 8], "texture": "#0"},
				"west": {"uv": [0, 10.66667, 1.33333, 12], "texture": "#0"},
				"up": {"uv": [12, 1.33333, 10.66667, 0], "texture": "#0"},
				"down": {"uv": [2.66667, 10.66667, 1.33333, 12], "texture": "#0"}
			}
		},
		{
			"from": [7.525, 7.96434, 6.625],
			"to": [8.475, 8.91434, 7.625],
			"rotation": {"angle": 0, "axis": "y", "origin": [7.5, 7.93934, 5.625]},
			"faces": {
				"east": {"uv": [10.66667, 1.33333, 12, 2.66667], "texture": "#0"},
				"south": {"uv": [2.66667, 10.66667, 4, 12], "texture": "#0"},
				"west": {"uv": [4, 10.66667, 5.33333, 12], "texture": "#0"},
				"up": {"uv": [6.66667, 12, 5.33333, 10.66667], "texture": "#0"},
				"down": {"uv": [12, 5.33333, 10.66667, 6.66667], "texture": "#0"}
			}
		},
		{
			"from": [7.425, 7.86434, 4.625],
			"to": [8.575, 9.01434, 6.625],
			"rotation": {"angle": 0, "axis": "y", "origin": [7.5, 7.93934, 4.625]},
			"faces": {
				"north": {"uv": [8, 8, 9.66667, 9.66667], "texture": "#0"},
				"east": {"uv": [2.66667, 0, 5.33333, 1.66667], "texture": "#0"},
				"south": {"uv": [9.33333, 2.66667, 11, 4.33333], "texture": "#0"},
				"west": {"uv": [2.66667, 2.66667, 5.33333, 4.33333], "texture": "#0"},
				"up": {"uv": [1.66667, 8, 0, 5.33333], "texture": "#0"},
				"down": {"uv": [7, 0, 5.33333, 2.66667], "texture": "#0"}
			}
		},
		{
			"from": [7.6, 8.03934, 7.625],
			"to": [8.4, 8.83934, 8.625],
			"rotation": {"angle": 0, "axis": "y", "origin": [7.5, 7.93934, 6.625]},
			"faces": {
				"east": {"uv": [8, 10.66667, 9.33333, 11.66667], "texture": "#0"},
				"west": {"uv": [10.66667, 8, 12, 9], "texture": "#0"},
				"up": {"uv": [10.33333, 12, 9.33333, 10.66667], "texture": "#0"},
				"down": {"uv": [11.66667, 9.33333, 10.66667, 10.66667], "texture": "#0"}
			}
		},
		{
			"from": [7.75, 6.43934, 6.625],
			"to": [8.25, 7.43934, 7.625],
			"rotation": {"angle": -45, "axis": "x", "origin": [7.5, 5.43934, 5.625]},
			"faces": {
				"north": {"uv": [10.66667, 10.66667, 11.33333, 12], "texture": "#0"},
				"east": {"uv": [6.66667, 10.66667, 8, 12], "texture": "#0"},
				"south": {"uv": [0, 12, 0.66667, 13.33333], "texture": "#0"},
				"west": {"uv": [10.66667, 6.66667, 12, 8], "texture": "#0"},
				"up": {"uv": [12.66667, 1.33333, 12, 0], "texture": "#0"},
				"down": {"uv": [2, 12, 1.33333, 13.33333], "texture": "#0"}
			}
		}
	],
	"gui_light": "front",
	"display": {
		"thirdperson_righthand": {
			"rotation": [87.75, 0, 0],
			"translation": [0, 2.5, -1]
		},
		"thirdperson_lefthand": {
			"rotation": [87.75, 0, 0],
			"translation": [0, 2.5, -1]
		},
		"firstperson_righthand": {
			"rotation": [51, 0, -21],
			"translation": [-2.75, 5.75, 4]
		},
		"firstperson_lefthand": {
			"rotation": [51, 0, -21],
			"translation": [-2.75, 5.75, 4]
		},
		"ground": {
			"rotation": [45, 0, 0],
			"translation": [0, 7, 0],
			"scale": [1.81836, 1.81836, 1.81836]
		},
		"gui": {
			"rotation": [-90, 135, 90],
			"translation": [-0.75, -1, 0],
			"scale": [2.71875, 2.71875, 2.71875]
		},
		"head": {
			"rotation": [90, -45, 90],
			"scale": [2, 2, 2]
		},
		"fixed": {
			"rotation": [90, -45, 90],
			"translation": [0.5, -1.25, -0.25],
			"scale": [2.87109, 2.87109, 2.87109]
		}
	}
}