{
	"credit": "Made by PolygonMC",
	"texture_size": [8, 8],
	"textures": {
		"1": "sunblock:item/evergreenset/animations/animations_1",
		"2": "sunblock:item/evergreenset/sword",
		"particle": "sunblock:item/evergreenset/animations/animations_1"
	},
	"elements": [
		{
			"from": [7.5, 0, 7.5],
			"to": [8.5, 1.75, 8.5],
			"rotation": {"angle": 0, "axis": "y", "origin": [7.5, 0, 7.5]},
			"faces": {
				"north": {"uv": [6, 8, 6.66667, 9.16667], "texture": "#2"},
				"east": {"uv": [4.66667, 10.66667, 5.33333, 11.83333], "texture": "#2"},
				"south": {"uv": [5.33333, 10.66667, 6, 11.83333], "texture": "#2"},
				"west": {"uv": [10.66667, 5.33333, 11.33333, 6.5], "texture": "#2"},
				"up": {"uv": [13.33333, 2, 12.66667, 1.33333], "texture": "#2"}
			}
		},
		{
			"from": [7.5, 2.75, 7.5],
			"to": [8.5, 4.5, 8.5],
			"rotation": {"angle": 0, "axis": "y", "origin": [7.5, 2.5, 7.5]},
			"faces": {
				"north": {"uv": [6, 10.66667, 6.66667, 11.83333], "texture": "#2"},
				"east": {"uv": [6.66667, 10.66667, 7.33333, 11.83333], "texture": "#2"},
				"south": {"uv": [10.66667, 6.66667, 11.33333, 7.83333], "texture": "#2"},
				"west": {"uv": [10.66667, 9.33333, 11.33333, 10.5], "texture": "#2"},
				"up": {"uv": [13.33333, 2.66667, 12.66667, 2], "texture": "#2"},
				"down": {"uv": [13.33333, 2.66667, 12.66667, 3.33333], "texture": "#2"}
			}
		},
		{
			"from": [7.6, 1.75, 7.6],
			"to": [8.4, 2.75, 8.4],
			"rotation": {"angle": 0, "axis": "y", "origin": [7.5, 2, 7.5]},
			"faces": {
				"north": {"uv": [8.66667, 12.66667, 9.16667, 13.33333], "texture": "#2"},
				"east": {"uv": [12.66667, 9.33333, 13.16667, 10], "texture": "#2"},
				"south": {"uv": [12.66667, 10, 13.16667, 10.66667], "texture": "#2"},
				"west": {"uv": [10.66667, 12.66667, 11.16667, 13.33333], "texture": "#2"}
			}
		},
		{
			"from": [7.4, 0.75, 7.4],
			"to": [8.6, 1.25, 8.6],
			"rotation": {"angle": 0, "axis": "y", "origin": [7.5, 0.25, 7.5]},
			"faces": {
				"north": {"uv": [13.33333, 0, 14.16667, 0.33333], "texture": "#2"},
				"east": {"uv": [0.66667, 13.33333, 1.5, 13.66667], "texture": "#2"},
				"south": {"uv": [13.33333, 0.66667, 14.16667, 1], "texture": "#2"},
				"west": {"uv": [13.33333, 1.33333, 14.16667, 1.66667], "texture": "#2"},
				"up": {"uv": [12.16667, 3.5, 11.33333, 2.66667], "texture": "#2"},
				"down": {"uv": [4.16667, 11.33333, 3.33333, 12.16667], "texture": "#2"}
			}
		},
		{
			"from": [7.4, 3.25, 7.4],
			"to": [8.6, 3.75, 8.6],
			"rotation": {"angle": 0, "axis": "y", "origin": [7.5, 2.75, 7.5]},
			"faces": {
				"north": {"uv": [2, 13.33333, 2.83333, 13.66667], "texture": "#2"},
				"east": {"uv": [13.33333, 2, 14.16667, 2.33333], "texture": "#2"},
				"south": {"uv": [13.33333, 2.66667, 14.16667, 3], "texture": "#2"},
				"west": {"uv": [13.33333, 3.33333, 14.16667, 3.66667], "texture": "#2"},
				"up": {"uv": [12.16667, 4.83333, 11.33333, 4], "texture": "#2"},
				"down": {"uv": [12.16667, 5.33333, 11.33333, 6.16667], "texture": "#2"}
			}
		},
		{
			"from": [7.455, -0.845, 7.405],
			"to": [8.545, 0.345, 8.595],
			"rotation": {"angle": -45, "axis": "x", "origin": [8, -0.25, 8]},
			"faces": {
				"north": {"uv": [12, 1.33333, 12.66667, 2.16667], "texture": "#2"},
				"east": {"uv": [11.33333, 6.66667, 12.16667, 7.5], "texture": "#2"},
				"south": {"uv": [5.33333, 12, 6, 12.83333], "texture": "#2"},
				"west": {"uv": [8, 11.33333, 8.83333, 12.16667], "texture": "#2"},
				"up": {"uv": [6.66667, 12.83333, 6, 12], "texture": "#2"},
				"down": {"uv": [7.33333, 12, 6.66667, 12.83333], "texture": "#2"}
			}
		},
		{
			"from": [7.255, -0.695, 7.555],
			"to": [8.745, 0.195, 8.445],
			"rotation": {"angle": -45, "axis": "x", "origin": [8, -0.25, 8]},
			"faces": {
				"north": {"uv": [11.33333, 10.66667, 12.33333, 11.33333], "texture": "#2"},
				"east": {"uv": [3.33333, 12.66667, 4, 13.33333], "texture": "#2"},
				"south": {"uv": [11.33333, 11.33333, 12.33333, 12], "texture": "#2"},
				"west": {"uv": [12.66667, 3.33333, 13.33333, 4], "texture": "#2"},
				"up": {"uv": [13, 0.66667, 12, 0], "texture": "#2"},
				"down": {"uv": [13, 0.66667, 12, 1.33333], "texture": "#2"}
			}
		},
		{
			"from": [7.055, 5.055, 7.655],
			"to": [8.945, 6.495, 9.095],
			"rotation": {"angle": -45, "axis": "x", "origin": [8, 5.4, 8]},
			"faces": {
				"north": {"uv": [8.66667, 2.66667, 10, 3.66667], "texture": "#2"},
				"east": {"uv": [10, 2.66667, 11, 3.66667], "texture": "#2"},
				"south": {"uv": [8.66667, 4, 10, 5], "texture": "#2"},
				"west": {"uv": [10, 4, 11, 5], "texture": "#2"},
				"up": {"uv": [9.33333, 9.66667, 8, 8.66667], "texture": "#2"},
				"down": {"uv": [4.66667, 9.33333, 3.33333, 10.33333], "texture": "#2"}
			}
		},
		{
			"from": [7.255, 4.805, 7.405],
			"to": [8.745, 6.745, 9.345],
			"rotation": {"angle": -45, "axis": "x", "origin": [8, 5.4, 8]},
			"faces": {
				"north": {"uv": [4.66667, 9.33333, 5.66667, 10.66667], "texture": "#2"},
				"east": {"uv": [3.33333, 8, 4.66667, 9.33333], "texture": "#2"},
				"south": {"uv": [9.33333, 5.33333, 10.33333, 6.66667], "texture": "#2"},
				"west": {"uv": [4.66667, 8, 6, 9.33333], "texture": "#2"},
				"up": {"uv": [7, 10.66667, 6, 9.33333], "texture": "#2"},
				"down": {"uv": [10.33333, 6.66667, 9.33333, 8], "texture": "#2"}
			}
		},
		{
			"from": [7.39, 4.5, 7.39],
			"to": [8.61, 5.11, 8.61],
			"rotation": {"angle": 0, "axis": "y", "origin": [7.39, 4.5, 7.39]},
			"faces": {
				"north": {"uv": [13.33333, 4, 14.16667, 4.33333], "texture": "#2"},
				"east": {"uv": [13.33333, 4.66667, 14.16667, 5], "texture": "#2"},
				"south": {"uv": [5.33333, 13.33333, 6.16667, 13.66667], "texture": "#2"},
				"west": {"uv": [13.33333, 5.33333, 14.16667, 5.66667], "texture": "#2"},
				"up": {"uv": [12.16667, 8.83333, 11.33333, 8], "texture": "#2"},
				"down": {"uv": [12.16667, 9.33333, 11.33333, 10.16667], "texture": "#2"}
			}
		},
		{
			"from": [7.75, 6, 7],
			"to": [8.25, 8, 9],
			"rotation": {"angle": 45, "axis": "x", "origin": [8, 7, 8]},
			"faces": {
				"north": {"uv": [4, 12.66667, 4.33333, 14], "texture": "#2"},
				"east": {"uv": [8, 6, 9.33333, 7.33333], "texture": "#2"},
				"south": {"uv": [12.66667, 4, 13, 5.33333], "texture": "#2"},
				"west": {"uv": [8, 7.33333, 9.33333, 8.66667], "texture": "#2"},
				"up": {"uv": [13, 6.66667, 12.66667, 5.33333], "texture": "#2"},
				"down": {"uv": [13, 6.66667, 12.66667, 8], "texture": "#2"}
			}
		},
		{
			"from": [7.75, 12.75659, 7.57854],
			"to": [8.25, 14.17659, 8.99854],
			"rotation": {"angle": 45, "axis": "x", "origin": [8, 13.75659, 8.00354]},
			"faces": {
				"north": {"uv": [12.66667, 10.66667, 13, 11.66667], "texture": "#2"},
				"east": {"uv": [8, 10, 9, 11], "texture": "#2"},
				"south": {"uv": [12, 12.66667, 12.33333, 13.66667], "texture": "#2"},
				"west": {"uv": [10, 8, 11, 9], "texture": "#2"},
				"up": {"uv": [13, 13, 12.66667, 12], "texture": "#2"},
				"down": {"uv": [0.33333, 13.33333, 0, 14.33333], "texture": "#2"}
			}
		},
		{
			"from": [7.75, 22.05962, 7.9],
			"to": [8.25, 22.90962, 8.75],
			"rotation": {"angle": 45, "axis": "x", "origin": [8, 22.80962, 8]},
			"faces": {
				"north": {"uv": [13.33333, 12.66667, 13.66667, 13.16667], "texture": "#2"},
				"east": {"uv": [3.33333, 13.33333, 3.83333, 13.83333], "texture": "#2"},
				"south": {"uv": [13.33333, 13.33333, 13.66667, 13.83333], "texture": "#2"},
				"west": {"uv": [13.33333, 6, 13.83333, 6.5], "texture": "#2"},
				"up": {"uv": [1, 14.5, 0.66667, 14], "texture": "#2"},
				"down": {"uv": [1.66667, 14, 1.33333, 14.5], "texture": "#2"}
			}
		},
		{
			"from": [7.755, 7.35, 7],
			"to": [8.245, 13.35, 9],
			"rotation": {"angle": 0, "axis": "x", "origin": [8.005, 8.35, 8]},
			"faces": {
				"north": {"uv": [7.33333, 9.33333, 7.66667, 13.33333], "texture": "#2"},
				"east": {"uv": [3.33333, 0, 4.66667, 4], "texture": "#2"},
				"south": {"uv": [9.33333, 8, 9.66667, 12], "texture": "#2"},
				"west": {"uv": [3.33333, 4, 4.66667, 8], "texture": "#2"}
			}
		},
		{
			"from": [7.755, 13.35, 7.4],
			"to": [8.245, 22.35, 8.6],
			"rotation": {"angle": 0, "axis": "x", "origin": [8.005, 8.35, 8]},
			"faces": {
				"north": {"uv": [7.33333, 0, 7.66667, 6], "texture": "#2"},
				"east": {"uv": [5, 0, 5.83333, 6], "texture": "#2"},
				"south": {"uv": [8, 0, 8.33333, 6], "texture": "#2"},
				"west": {"uv": [6, 0, 6.83333, 6], "texture": "#2"}
			}
		},
		{
			"from": [7.6, 9.5, 6.85],
			"to": [8.4, 11, 9.15],
			"rotation": {"angle": 0, "axis": "y", "origin": [7.5, 9.5, 7]},
			"faces": {
				"north": {"uv": [9.33333, 12, 9.83333, 13], "texture": "#2"},
				"east": {"uv": [8.66667, 0, 10.16667, 1], "texture": "#2"},
				"south": {"uv": [11.33333, 12, 11.83333, 13], "texture": "#2"},
				"west": {"uv": [8.66667, 1.33333, 10.16667, 2.33333], "texture": "#2"},
				"up": {"uv": [11.16667, 12.16667, 10.66667, 10.66667], "texture": "#2"},
				"down": {"uv": [11.83333, 0, 11.33333, 1.5], "texture": "#2"}
			}
		},
		{
			"from": [7.975, 6.25, 5.625],
			"to": [8.025, 25.75, 10.375],
			"rotation": {"angle": 0, "axis": "y", "origin": [7.975, 7, 5.625]},
			"faces": {
				"east": {"uv": [3.16667, 0, 0, 13], "texture": "#2"},
				"west": {"uv": [0, 0, 3.16667, 13], "texture": "#2"}
			}
		},
		{
			"from": [7.975, -3.25, 6.5],
			"to": [8.025, -0.25, 9.5],
			"rotation": {"angle": -45, "axis": "x", "origin": [7.975, -1.75, 8]},
			"faces": {
				"east": {"uv": [14, 11.33333, 16, 13.33333], "rotation": 270, "texture": "#2"},
				"west": {"uv": [14, 11.33333, 16, 13.33333], "texture": "#2"}
			}
		},
		{
			"from": [7.97825, 3.86992, 3.46662],
			"to": [8.02175, 8.34992, 5.45662],
			"rotation": {"angle": -22.5, "axis": "x", "origin": [7.97825, 5.80817, 4.91962]},
			"faces": {
				"east": {"uv": [16, 0, 14.66667, 3], "texture": "#2"},
				"west": {"uv": [14.66667, 0, 16, 3], "texture": "#2"}
			}
		},
		{
			"from": [7.7, 4.91535, 5.66958],
			"to": [8.3, 5.91535, 7.66958],
			"rotation": {"angle": -22.5, "axis": "x", "origin": [8, 5.48277, 6.11929]},
			"faces": {
				"north": {"uv": [13.33333, 8, 13.66667, 8.66667], "texture": "#2"},
				"east": {"uv": [10.66667, 2, 12, 2.66667], "texture": "#2"},
				"west": {"uv": [3.33333, 10.66667, 4.66667, 11.33333], "texture": "#2"},
				"up": {"uv": [8.33333, 14, 8, 12.66667], "texture": "#2"},
				"down": {"uv": [13, 8, 12.66667, 9.33333], "texture": "#2"}
			}
		},
		{
			"from": [7.73375, 4.74814, 5.32042],
			"to": [8.26625, 7.41314, 6.15292],
			"rotation": {"angle": -45, "axis": "x", "origin": [8, 5.48277, 6.11929]},
			"faces": {
				"north": {"uv": [10, 11.33333, 10.33333, 13.16667], "texture": "#2"},
				"east": {"uv": [10, 9.33333, 10.5, 11.16667], "texture": "#2"},
				"south": {"uv": [4.66667, 12, 5, 13.83333], "texture": "#2"},
				"west": {"uv": [10.66667, 0, 11.16667, 1.83333], "texture": "#2"},
				"up": {"uv": [2.33333, 14.5, 2, 14], "texture": "#2"},
				"down": {"uv": [3, 14, 2.66667, 14.5], "texture": "#2"}
			}
		},
		{
			"from": [7.97825, 3.86992, 10.54338],
			"to": [8.02175, 8.34992, 12.53338],
			"rotation": {"angle": 22.5, "axis": "x", "origin": [7.97825, 5.80817, 11.08038]},
			"faces": {
				"east": {"uv": [14.66667, 0, 16, 3], "texture": "#2"},
				"west": {"uv": [16, 0, 14.66667, 3], "texture": "#2"}
			}
		},
		{
			"from": [7.73375, 4.74814, 9.84708],
			"to": [8.26625, 7.41314, 10.67958],
			"rotation": {"angle": 45, "axis": "x", "origin": [8, 5.48277, 9.88071]},
			"faces": {
				"north": {"uv": [5, 12, 4.66667, 13.83333], "texture": "#2"},
				"east": {"uv": [10.5, 9.33333, 10, 11.16667], "texture": "#2"},
				"south": {"uv": [10.33333, 11.33333, 10, 13.16667], "texture": "#2"},
				"west": {"uv": [11.16667, 0, 10.66667, 1.83333], "texture": "#2"},
				"up": {"uv": [2.33333, 14, 2, 14.5], "texture": "#2"},
				"down": {"uv": [3, 14.5, 2.66667, 14], "texture": "#2"}
			}
		},
		{
			"from": [7.7, 4.91535, 8.33042],
			"to": [8.3, 5.91535, 10.33042],
			"rotation": {"angle": 22.5, "axis": "x", "origin": [8, 5.48277, 9.88071]},
			"faces": {
				"east": {"uv": [12, 2, 10.66667, 2.66667], "texture": "#2"},
				"south": {"uv": [13.66667, 8, 13.33333, 8.66667], "texture": "#2"},
				"west": {"uv": [4.66667, 10.66667, 3.33333, 11.33333], "texture": "#2"},
				"up": {"uv": [8.33333, 12.66667, 8, 14], "texture": "#2"},
				"down": {"uv": [13, 9.33333, 12.66667, 8], "texture": "#2"}
			}
		},
		{
			"from": [7.325, 7.6, 7.58839],
			"to": [7.825, 8.6, 8.08839],
			"rotation": {"angle": -45, "axis": "x", "origin": [7.575, 7.975, 8.08839]},
			"faces": {
				"north": {"uv": [8.66667, 13.33333, 9, 14], "texture": "#2"},
				"east": {"uv": [13.33333, 8.66667, 13.66667, 9.33333], "texture": "#2"},
				"south": {"uv": [9.33333, 13.33333, 9.66667, 14], "texture": "#2"},
				"west": {"uv": [13.33333, 9.33333, 13.66667, 10], "texture": "#2"},
				"up": {"uv": [3.66667, 14.33333, 3.33333, 14], "texture": "#2"},
				"down": {"uv": [4.33333, 14, 4, 14.33333], "texture": "#2"}
			}
		},
		{
			"from": [7.325, 7.6, 8.08839],
			"to": [7.825, 8.1, 8.58839],
			"rotation": {"angle": -45, "axis": "x", "origin": [7.575, 7.975, 8.08839]},
			"faces": {
				"east": {"uv": [4.66667, 14, 5, 14.33333], "texture": "#2"},
				"south": {"uv": [5.33333, 14, 5.66667, 14.33333], "texture": "#2"},
				"west": {"uv": [6, 14, 6.33333, 14.33333], "texture": "#2"},
				"up": {"uv": [14.33333, 6.33333, 14, 6], "texture": "#2"},
				"down": {"uv": [7, 14, 6.66667, 14.33333], "texture": "#2"}
			}
		},
		{
			"from": [7.325, 6.57617, 7.39455],
			"to": [7.825, 7.57617, 7.89455],
			"rotation": {"angle": 22.5, "axis": "x", "origin": [7.575, 7.20117, 7.39455]},
			"faces": {
				"north": {"uv": [10, 13.33333, 10.33333, 14], "texture": "#2"},
				"east": {"uv": [13.33333, 10, 13.66667, 10.66667], "texture": "#2"},
				"south": {"uv": [10.66667, 13.33333, 11, 14], "texture": "#2"},
				"west": {"uv": [13.33333, 10.66667, 13.66667, 11.33333], "texture": "#2"},
				"up": {"uv": [9, 14.33333, 8.66667, 14], "texture": "#2"},
				"down": {"uv": [14.33333, 8.66667, 14, 9], "texture": "#2"}
			}
		},
		{
			"from": [7.325, 7.07617, 6.89455],
			"to": [7.825, 7.57617, 7.39455],
			"rotation": {"angle": 22.5, "axis": "x", "origin": [7.575, 7.20117, 7.39455]},
			"faces": {
				"north": {"uv": [14, 6.66667, 14.33333, 7], "texture": "#2"},
				"east": {"uv": [7.33333, 14, 7.66667, 14.33333], "texture": "#2"},
				"west": {"uv": [14, 7.33333, 14.33333, 7.66667], "texture": "#2"},
				"up": {"uv": [8.33333, 14.33333, 8, 14], "texture": "#2"},
				"down": {"uv": [14.33333, 8, 14, 8.33333], "texture": "#2"}
			}
		},
		{
			"from": [7.325, 6.57617, 8.10545],
			"to": [7.825, 7.57617, 8.60545],
			"rotation": {"angle": -22.5, "axis": "x", "origin": [7.575, 7.20117, 8.60545]},
			"faces": {
				"north": {"uv": [11.33333, 13.33333, 11.66667, 14], "texture": "#2"},
				"east": {"uv": [13.33333, 11.33333, 13.66667, 12], "texture": "#2"},
				"south": {"uv": [13.33333, 12, 13.66667, 12.66667], "texture": "#2"},
				"west": {"uv": [12.66667, 13.33333, 13, 14], "texture": "#2"},
				"up": {"uv": [14.33333, 11, 14, 10.66667], "texture": "#2"},
				"down": {"uv": [11.66667, 14, 11.33333, 14.33333], "texture": "#2"}
			}
		},
		{
			"from": [7.325, 7.07617, 8.60545],
			"to": [7.825, 7.57617, 9.10545],
			"rotation": {"angle": -22.5, "axis": "x", "origin": [7.575, 7.20117, 8.60545]},
			"faces": {
				"east": {"uv": [9.33333, 14, 9.66667, 14.33333], "texture": "#2"},
				"south": {"uv": [14, 9.33333, 14.33333, 9.66667], "texture": "#2"},
				"west": {"uv": [10, 14, 10.33333, 14.33333], "texture": "#2"},
				"up": {"uv": [14.33333, 10.33333, 14, 10], "texture": "#2"},
				"down": {"uv": [11, 14, 10.66667, 14.33333], "texture": "#2"}
			}
		},
		{
			"from": [7.425, 6.85628, 7.5],
			"to": [7.875, 7.85628, 8.5],
			"rotation": {"angle": -45, "axis": "x", "origin": [7.7, 7.35628, 8]},
			"faces": {
				"north": {"uv": [6.66667, 13.33333, 7, 14], "texture": "#2"},
				"east": {"uv": [8.66667, 5.33333, 9.33333, 6], "texture": "#2"},
				"south": {"uv": [13.33333, 6.66667, 13.66667, 7.33333], "texture": "#2"},
				"west": {"uv": [12, 12, 12.66667, 12.66667], "texture": "#2"},
				"up": {"uv": [7.66667, 14, 7.33333, 13.33333], "texture": "#2"},
				"down": {"uv": [13.66667, 7.33333, 13.33333, 8], "texture": "#2"}
			}
		},
		{
			"from": [8.125, 6.85628, 7.5],
			"to": [8.575, 7.85628, 8.5],
			"rotation": {"angle": -45, "axis": "x", "origin": [8.3, 7.35628, 8]},
			"faces": {
				"north": {"uv": [7, 13.33333, 6.66667, 14], "texture": "#2"},
				"east": {"uv": [12.66667, 12, 12, 12.66667], "texture": "#2"},
				"south": {"uv": [13.66667, 6.66667, 13.33333, 7.33333], "texture": "#2"},
				"west": {"uv": [9.33333, 5.33333, 8.66667, 6], "texture": "#2"},
				"up": {"uv": [7.33333, 14, 7.66667, 13.33333], "texture": "#2"},
				"down": {"uv": [13.33333, 7.33333, 13.66667, 8], "texture": "#2"}
			}
		},
		{
			"from": [8.175, 7.6, 7.58839],
			"to": [8.675, 8.6, 8.08839],
			"rotation": {"angle": -45, "axis": "x", "origin": [8.425, 7.975, 8.08839]},
			"faces": {
				"north": {"uv": [9, 13.33333, 8.66667, 14], "texture": "#2"},
				"east": {"uv": [13.66667, 9.33333, 13.33333, 10], "texture": "#2"},
				"south": {"uv": [9.66667, 13.33333, 9.33333, 14], "texture": "#2"},
				"west": {"uv": [13.66667, 8.66667, 13.33333, 9.33333], "texture": "#2"},
				"up": {"uv": [3.33333, 14.33333, 3.66667, 14], "texture": "#2"},
				"down": {"uv": [4, 14, 4.33333, 14.33333], "texture": "#2"}
			}
		},
		{
			"from": [8.175, 7.6, 8.08839],
			"to": [8.675, 8.1, 8.58839],
			"rotation": {"angle": -45, "axis": "x", "origin": [8.425, 7.975, 8.08839]},
			"faces": {
				"east": {"uv": [6.33333, 14, 6, 14.33333], "texture": "#2"},
				"south": {"uv": [5.66667, 14, 5.33333, 14.33333], "texture": "#2"},
				"west": {"uv": [5, 14, 4.66667, 14.33333], "texture": "#2"},
				"up": {"uv": [14, 6.33333, 14.33333, 6], "texture": "#2"},
				"down": {"uv": [6.66667, 14, 7, 14.33333], "texture": "#2"}
			}
		},
		{
			"from": [8.175, 6.57617, 8.10545],
			"to": [8.675, 7.57617, 8.60545],
			"rotation": {"angle": -22.5, "axis": "x", "origin": [8.425, 7.20117, 8.60545]},
			"faces": {
				"north": {"uv": [11.66667, 13.33333, 11.33333, 14], "texture": "#2"},
				"east": {"uv": [13, 13.33333, 12.66667, 14], "texture": "#2"},
				"south": {"uv": [13.66667, 12, 13.33333, 12.66667], "texture": "#2"},
				"west": {"uv": [13.66667, 11.33333, 13.33333, 12], "texture": "#2"},
				"up": {"uv": [14, 11, 14.33333, 10.66667], "texture": "#2"},
				"down": {"uv": [11.33333, 14, 11.66667, 14.33333], "texture": "#2"}
			}
		},
		{
			"from": [8.175, 7.07617, 8.60545],
			"to": [8.675, 7.57617, 9.10545],
			"rotation": {"angle": -22.5, "axis": "x", "origin": [8.425, 7.20117, 8.60545]},
			"faces": {
				"east": {"uv": [10.33333, 14, 10, 14.33333], "texture": "#2"},
				"south": {"uv": [14.33333, 9.33333, 14, 9.66667], "texture": "#2"},
				"west": {"uv": [9.66667, 14, 9.33333, 14.33333], "texture": "#2"},
				"up": {"uv": [14, 10.33333, 14.33333, 10], "texture": "#2"},
				"down": {"uv": [10.66667, 14, 11, 14.33333], "texture": "#2"}
			}
		},
		{
			"from": [8.175, 6.57617, 7.39455],
			"to": [8.675, 7.57617, 7.89455],
			"rotation": {"angle": 22.5, "axis": "x", "origin": [8.425, 7.20117, 7.39455]},
			"faces": {
				"north": {"uv": [10.33333, 13.33333, 10, 14], "texture": "#2"},
				"east": {"uv": [13.66667, 10.66667, 13.33333, 11.33333], "texture": "#2"},
				"south": {"uv": [11, 13.33333, 10.66667, 14], "texture": "#2"},
				"west": {"uv": [13.66667, 10, 13.33333, 10.66667], "texture": "#2"},
				"up": {"uv": [8.66667, 14.33333, 9, 14], "texture": "#2"},
				"down": {"uv": [14, 8.66667, 14.33333, 9], "texture": "#2"}
			}
		},
		{
			"from": [8.175, 7.07617, 6.89455],
			"to": [8.675, 7.57617, 7.39455],
			"rotation": {"angle": 22.5, "axis": "x", "origin": [8.425, 7.20117, 7.39455]},
			"faces": {
				"north": {"uv": [14.33333, 6.66667, 14, 7], "texture": "#2"},
				"east": {"uv": [14.33333, 7.33333, 14, 7.66667], "texture": "#2"},
				"west": {"uv": [7.66667, 14, 7.33333, 14.33333], "texture": "#2"},
				"up": {"uv": [8, 14.33333, 8.33333, 14], "texture": "#2"},
				"down": {"uv": [14, 8, 14.33333, 8.33333], "texture": "#2"}
			}
		},
		{
			"from": [7.175, 3, 5],
			"to": [7.175, 9, 11],
			"rotation": {"angle": 45, "axis": "x", "origin": [7.175, 6, 8]},
			"faces": {
				"west": {"uv": [0, 0, 12, 12], "texture": "#1"}
			}
		},
		{
			"from": [8.825, 3, 5],
			"to": [8.825, 9, 11],
			"rotation": {"angle": 45, "axis": "x", "origin": [8.825, 6, 8]},
			"faces": {
				"east": {"uv": [12, 0, 0, 12], "texture": "#1"}
			}
		}
	],
	"gui_light": "front",
	"display": {
		"thirdperson_righthand": {
			"translation": [0, 3.5, 1]
		},
		"thirdperson_lefthand": {
			"translation": [0, 3.5, 1]
		},
		"firstperson_righthand": {
			"rotation": [-10, 0, 0],
			"translation": [0, 3.5, 0]
		},
		"firstperson_lefthand": {
			"rotation": [-10, 0, 0],
			"translation": [0, 3.5, 0]
		},
		"ground": {
			"rotation": [45, 0, 0],
			"translation": [0, 13.75, 0]
		},
		"gui": {
			"rotation": [-90, 45, 90],
			"translation": [1.75, -1.75, 0],
			"scale": [0.81055, 0.81055, 0.81055]
		},
		"head": {
			"rotation": [0, 90, 0],
			"scale": [1.5, 1.5, 1.5]
		},
		"fixed": {
			"rotation": [-90, 90, 90],
			"translation": [0, -5, -1],
			"scale": [1.5, 1.5, 1.5]
		}
	}
}