{
	"credit": "Made by PolygonMC",
	"texture_size": [24, 24],
	"textures": {
		"1": "sunblock:item/evergreenset/animations/animations_1",
		"4": "sunblock:item/evergreenset/axe",
		"particle": "sunblock:item/evergreenset/animations/animations_1"
	},
	"elements": [
		{
			"from": [7.5, 0, 7.5],
			"to": [8.5, 1.75, 8.5],
			"rotation": {"angle": 0, "axis": "y", "origin": [7.5, 0, 7.5]},
			"faces": {
				"north": {"uv": [10, 6.66667, 10.66667, 7.83333], "texture": "#4"},
				"east": {"uv": [10, 8, 10.66667, 9.16667], "texture": "#4"},
				"south": {"uv": [10, 9.33333, 10.66667, 10.5], "texture": "#4"},
				"west": {"uv": [10.66667, 0, 11.33333, 1.16667], "texture": "#4"},
				"up": {"uv": [4, 9.33333, 3.33333, 8.66667], "texture": "#4"}
			}
		},
		{
			"from": [7.5, 2.75, 7.5],
			"to": [8.5, 4.5, 8.5],
			"rotation": {"angle": 0, "axis": "y", "origin": [7.5, 2.5, 7.5]},
			"faces": {
				"north": {"uv": [10.66667, 1.33333, 11.33333, 2.5], "texture": "#4"},
				"east": {"uv": [2, 10.66667, 2.66667, 11.83333], "texture": "#4"},
				"south": {"uv": [2.66667, 10.66667, 3.33333, 11.83333], "texture": "#4"},
				"west": {"uv": [10.66667, 2.66667, 11.33333, 3.83333], "texture": "#4"},
				"up": {"uv": [10, 2, 9.33333, 1.33333], "texture": "#4"},
				"down": {"uv": [10.66667, 3.33333, 10, 4], "texture": "#4"}
			}
		},
		{
			"from": [7.6, 1.75, 7.6],
			"to": [8.4, 2.75, 8.4],
			"rotation": {"angle": 0, "axis": "y", "origin": [7.5, 2, 7.5]},
			"faces": {
				"north": {"uv": [12.66667, 0.66667, 13.16667, 1.33333], "texture": "#4"},
				"east": {"uv": [12.66667, 1.33333, 13.16667, 2], "texture": "#4"},
				"south": {"uv": [12.66667, 2, 13.16667, 2.66667], "texture": "#4"},
				"west": {"uv": [12.66667, 2.66667, 13.16667, 3.33333], "texture": "#4"}
			}
		},
		{
			"from": [7.4, 0.75, 7.4],
			"to": [8.6, 1.25, 8.6],
			"rotation": {"angle": 0, "axis": "y", "origin": [7.5, 0.25, 7.5]},
			"faces": {
				"north": {"uv": [12.66667, 3.33333, 13.5, 3.66667], "texture": "#4"},
				"east": {"uv": [6, 12.66667, 6.83333, 13], "texture": "#4"},
				"south": {"uv": [12.66667, 6.66667, 13.5, 7], "texture": "#4"},
				"west": {"uv": [12.66667, 7.33333, 13.5, 7.66667], "texture": "#4"},
				"up": {"uv": [4.16667, 11.5, 3.33333, 10.66667], "texture": "#4"},
				"down": {"uv": [5.5, 10.66667, 4.66667, 11.5], "texture": "#4"}
			}
		},
		{
			"from": [7.4, 3.25, 7.4],
			"to": [8.6, 3.75, 8.6],
			"rotation": {"angle": 0, "axis": "y", "origin": [7.5, 2.75, 7.5]},
			"faces": {
				"north": {"uv": [12.66667, 8, 13.5, 8.33333], "texture": "#4"},
				"east": {"uv": [12.66667, 8.66667, 13.5, 9], "texture": "#4"},
				"south": {"uv": [12.66667, 9.33333, 13.5, 9.66667], "texture": "#4"},
				"west": {"uv": [12.66667, 10, 13.5, 10.33333], "texture": "#4"},
				"up": {"uv": [11.5, 6.16667, 10.66667, 5.33333], "texture": "#4"},
				"down": {"uv": [6.83333, 10.66667, 6, 11.5], "texture": "#4"}
			}
		},
		{
			"from": [7.455, -0.845, 7.405],
			"to": [8.545, 0.345, 8.595],
			"rotation": {"angle": -45, "axis": "x", "origin": [8, -0.25, 8]},
			"faces": {
				"north": {"uv": [2, 12, 2.66667, 12.83333], "texture": "#4"},
				"east": {"uv": [10.66667, 6.66667, 11.5, 7.5], "texture": "#4"},
				"south": {"uv": [2.66667, 12, 3.33333, 12.83333], "texture": "#4"},
				"west": {"uv": [10.66667, 8, 11.5, 8.83333], "texture": "#4"},
				"up": {"uv": [4, 12.83333, 3.33333, 12], "texture": "#4"},
				"down": {"uv": [4.66667, 12, 4, 12.83333], "texture": "#4"}
			}
		},
		{
			"from": [7.255, -0.695, 7.555],
			"to": [8.745, 0.195, 8.445],
			"rotation": {"angle": -45, "axis": "x", "origin": [8, -0.25, 8]},
			"faces": {
				"north": {"uv": [0.66667, 11.33333, 1.66667, 12], "texture": "#4"},
				"east": {"uv": [12, 6.66667, 12.66667, 7.33333], "texture": "#4"},
				"south": {"uv": [11.33333, 1.33333, 12.33333, 2], "texture": "#4"},
				"west": {"uv": [12, 7.33333, 12.66667, 8], "texture": "#4"},
				"up": {"uv": [12.33333, 2.66667, 11.33333, 2], "texture": "#4"},
				"down": {"uv": [12.33333, 2.66667, 11.33333, 3.33333], "texture": "#4"}
			}
		},
		{
			"from": [7.055, 12.055, 7.655],
			"to": [8.945, 13.495, 9.095],
			"rotation": {"angle": -45, "axis": "x", "origin": [8, 12.4, 8]},
			"faces": {
				"north": {"uv": [0.66667, 8.66667, 2, 9.66667], "texture": "#4"},
				"east": {"uv": [9.33333, 5.33333, 10.33333, 6.33333], "texture": "#4"},
				"south": {"uv": [2, 8.66667, 3.33333, 9.66667], "texture": "#4"},
				"west": {"uv": [6, 9.33333, 7, 10.33333], "texture": "#4"},
				"up": {"uv": [10, 3, 8.66667, 2], "texture": "#4"},
				"down": {"uv": [10, 6.66667, 8.66667, 7.66667], "texture": "#4"}
			}
		},
		{
			"from": [7.255, 11.805, 7.405],
			"to": [8.745, 13.745, 9.345],
			"rotation": {"angle": -45, "axis": "x", "origin": [8, 12.4, 8]},
			"faces": {
				"north": {"uv": [8.66667, 8, 9.66667, 9.33333], "texture": "#4"},
				"east": {"uv": [6.66667, 5.33333, 8, 6.66667], "texture": "#4"},
				"south": {"uv": [9.33333, 0, 10.33333, 1.33333], "texture": "#4"},
				"west": {"uv": [6.66667, 6.66667, 8, 8], "texture": "#4"},
				"up": {"uv": [4.33333, 10.66667, 3.33333, 9.33333], "texture": "#4"},
				"down": {"uv": [5.66667, 9.33333, 4.66667, 10.66667], "texture": "#4"}
			}
		},
		{
			"from": [7.39, 4.5, 7.39],
			"to": [8.61, 5.11, 8.61],
			"rotation": {"angle": 0, "axis": "y", "origin": [7.39, 4.5, 7.39]},
			"faces": {
				"north": {"uv": [12.66667, 10.66667, 13.5, 11], "texture": "#4"},
				"east": {"uv": [12.66667, 11.33333, 13.5, 11.66667], "texture": "#4"},
				"south": {"uv": [12, 12.66667, 12.83333, 13], "texture": "#4"},
				"west": {"uv": [12.66667, 12, 13.5, 12.33333], "texture": "#4"},
				"up": {"uv": [9.5, 11.5, 8.66667, 10.66667], "texture": "#4"},
				"down": {"uv": [11.5, 9.33333, 10.66667, 10.16667], "texture": "#4"}
			}
		},
		{
			"from": [7.39, 11.495, 7.39],
			"to": [8.61, 12.105, 8.61],
			"rotation": {"angle": 0, "axis": "y", "origin": [7.39, 4.495, 7.39]},
			"faces": {
				"north": {"uv": [11.33333, 13.33333, 12.16667, 13.66667], "texture": "#4"},
				"east": {"uv": [12.66667, 13.33333, 13.5, 13.66667], "texture": "#4"},
				"south": {"uv": [13.33333, 12.66667, 14.16667, 13], "texture": "#4"},
				"west": {"uv": [0, 14, 0.83333, 14.33333], "texture": "#4"},
				"up": {"uv": [10.83333, 11.5, 10, 10.66667], "texture": "#4"},
				"down": {"uv": [12.16667, 0, 11.33333, 0.83333], "texture": "#4"}
			}
		},
		{
			"from": [7.29, 5.11, 7.29],
			"to": [8.71, 11.495, 8.71],
			"rotation": {"angle": 0, "axis": "y", "origin": [7.39, 5.72, 7.39]},
			"faces": {
				"north": {"uv": [4, 0, 5, 4.33333], "texture": "#4"},
				"east": {"uv": [4, 4.66667, 5, 9], "texture": "#4"},
				"south": {"uv": [5.33333, 0, 6.33333, 4.33333], "texture": "#4"},
				"west": {"uv": [5.33333, 4.66667, 6.33333, 9], "texture": "#4"},
				"up": {"uv": [9.66667, 10.33333, 8.66667, 9.33333], "texture": "#4"},
				"down": {"uv": [1.66667, 10, 0.66667, 11], "texture": "#4"}
			}
		},
		{
			"from": [7.75, 13, 7],
			"to": [8.25, 15, 9],
			"rotation": {"angle": 45, "axis": "x", "origin": [8, 14, 8]},
			"faces": {
				"north": {"uv": [8, 12, 8.33333, 13.33333], "texture": "#4"},
				"east": {"uv": [8, 5.33333, 9.33333, 6.66667], "texture": "#4"},
				"south": {"uv": [12, 8, 12.33333, 9.33333], "texture": "#4"},
				"west": {"uv": [6.66667, 8, 8, 9.33333], "texture": "#4"},
				"up": {"uv": [9, 13.33333, 8.66667, 12], "texture": "#4"},
				"down": {"uv": [9.66667, 12, 9.33333, 13.33333], "texture": "#4"}
			}
		},
		{
			"from": [7.975, -3.25, 6.5],
			"to": [8.025, -0.25, 9.5],
			"rotation": {"angle": -45, "axis": "x", "origin": [7.975, -1.75, 8]},
			"faces": {
				"east": {"uv": [0, 6.66667, 2, 8.66667], "rotation": 270, "texture": "#4"},
				"west": {"uv": [0, 6.66667, 2, 8.66667], "texture": "#4"}
			}
		},
		{
			"from": [7.7, 11.91535, 5.66958],
			"to": [8.3, 12.91535, 7.66958],
			"rotation": {"angle": -22.5, "axis": "x", "origin": [8, 12.48277, 6.11929]},
			"faces": {
				"north": {"uv": [10.66667, 12.66667, 11, 13.33333], "texture": "#4"},
				"east": {"uv": [8.66667, 3.33333, 10, 4], "texture": "#4"},
				"west": {"uv": [2, 10, 3.33333, 10.66667], "texture": "#4"},
				"up": {"uv": [12.33333, 10.66667, 12, 9.33333], "texture": "#4"},
				"down": {"uv": [10.33333, 12, 10, 13.33333], "texture": "#4"}
			}
		},
		{
			"from": [7.73375, 11.74814, 5.32042],
			"to": [8.26625, 14.41314, 6.15292],
			"rotation": {"angle": -45, "axis": "x", "origin": [8, 12.48277, 6.11929]},
			"faces": {
				"north": {"uv": [0.66667, 12, 1, 13.83333], "texture": "#4"},
				"east": {"uv": [7.33333, 9.33333, 7.83333, 11.16667], "texture": "#4"},
				"south": {"uv": [1.33333, 12, 1.66667, 13.83333], "texture": "#4"},
				"west": {"uv": [10, 1.33333, 10.5, 3.16667], "texture": "#4"},
				"up": {"uv": [9.66667, 14.5, 9.33333, 14], "texture": "#4"},
				"down": {"uv": [14.33333, 9.33333, 14, 9.83333], "texture": "#4"}
			}
		},
		{
			"from": [7.7, 11.91535, 8.33042],
			"to": [8.3, 12.91535, 10.33042],
			"rotation": {"angle": 22.5, "axis": "x", "origin": [8, 12.48277, 9.88071]},
			"faces": {
				"east": {"uv": [10, 3.33333, 8.66667, 4], "texture": "#4"},
				"south": {"uv": [11, 12.66667, 10.66667, 13.33333], "texture": "#4"},
				"west": {"uv": [3.33333, 10, 2, 10.66667], "texture": "#4"},
				"up": {"uv": [12.33333, 9.33333, 12, 10.66667], "texture": "#4"},
				"down": {"uv": [10.33333, 13.33333, 10, 12], "texture": "#4"}
			}
		},
		{
			"from": [7.73375, 11.74814, 9.84708],
			"to": [8.26625, 14.41314, 10.67958],
			"rotation": {"angle": 45, "axis": "x", "origin": [8, 12.48277, 9.88071]},
			"faces": {
				"north": {"uv": [1.66667, 12, 1.33333, 13.83333], "texture": "#4"},
				"east": {"uv": [7.83333, 9.33333, 7.33333, 11.16667], "texture": "#4"},
				"south": {"uv": [1, 12, 0.66667, 13.83333], "texture": "#4"},
				"west": {"uv": [10.5, 1.33333, 10, 3.16667], "texture": "#4"},
				"up": {"uv": [9.66667, 14, 9.33333, 14.5], "texture": "#4"},
				"down": {"uv": [14.33333, 9.83333, 14, 9.33333], "texture": "#4"}
			}
		},
		{
			"from": [7.35, 14.6, 7.58839],
			"to": [8.65, 15.6, 8.08839],
			"rotation": {"angle": -45, "axis": "x", "origin": [7.6, 14.975, 8.08839]},
			"faces": {
				"north": {"uv": [12, 4, 12.83333, 4.66667], "texture": "#4"},
				"east": {"uv": [1.33333, 14, 1.66667, 14.66667], "texture": "#4"},
				"south": {"uv": [4.66667, 12, 5.5, 12.66667], "texture": "#4"},
				"west": {"uv": [2, 14, 2.33333, 14.66667], "texture": "#4"},
				"up": {"uv": [14.16667, 0.33333, 13.33333, 0], "texture": "#4"},
				"down": {"uv": [14.16667, 0.66667, 13.33333, 1], "texture": "#4"}
			}
		},
		{
			"from": [7.35, 14.6, 8.08839],
			"to": [8.65, 15.1, 8.58839],
			"rotation": {"angle": -45, "axis": "x", "origin": [7.6, 14.975, 8.08839]},
			"faces": {
				"east": {"uv": [10, 14, 10.33333, 14.33333], "texture": "#4"},
				"south": {"uv": [13.33333, 1.33333, 14.16667, 1.66667], "texture": "#4"},
				"west": {"uv": [14, 10, 14.33333, 10.33333], "texture": "#4"},
				"up": {"uv": [2.83333, 13.66667, 2, 13.33333], "texture": "#4"},
				"down": {"uv": [14.16667, 2, 13.33333, 2.33333], "texture": "#4"}
			}
		},
		{
			"from": [7.35, 13.57617, 7.39455],
			"to": [8.65, 14.57617, 7.89455],
			"rotation": {"angle": 22.5, "axis": "x", "origin": [7.6, 14.20117, 7.39455]},
			"faces": {
				"north": {"uv": [12, 4.66667, 12.83333, 5.33333], "texture": "#4"},
				"east": {"uv": [2.66667, 14, 3, 14.66667], "texture": "#4"},
				"south": {"uv": [12, 5.33333, 12.83333, 6], "texture": "#4"},
				"west": {"uv": [3.33333, 14, 3.66667, 14.66667], "texture": "#4"},
				"up": {"uv": [14.16667, 3, 13.33333, 2.66667], "texture": "#4"},
				"down": {"uv": [4.16667, 13.33333, 3.33333, 13.66667], "texture": "#4"}
			}
		},
		{
			"from": [7.35, 14.07617, 6.89455],
			"to": [8.65, 14.57617, 7.39455],
			"rotation": {"angle": 22.5, "axis": "x", "origin": [7.6, 14.20117, 7.39455]},
			"faces": {
				"north": {"uv": [7.33333, 13.33333, 8.16667, 13.66667], "texture": "#4"},
				"east": {"uv": [11.33333, 14, 11.66667, 14.33333], "texture": "#4"},
				"west": {"uv": [14, 11.33333, 14.33333, 11.66667], "texture": "#4"},
				"up": {"uv": [9.5, 13.66667, 8.66667, 13.33333], "texture": "#4"},
				"down": {"uv": [10.83333, 13.33333, 10, 13.66667], "texture": "#4"}
			}
		},
		{
			"from": [7.35, 13.57617, 8.10545],
			"to": [8.65, 14.57617, 8.60545],
			"rotation": {"angle": -22.5, "axis": "x", "origin": [7.6, 14.20117, 8.60545]},
			"faces": {
				"north": {"uv": [6, 12, 6.83333, 12.66667], "texture": "#4"},
				"east": {"uv": [14, 3.33333, 14.33333, 4], "texture": "#4"},
				"south": {"uv": [12, 6, 12.83333, 6.66667], "texture": "#4"},
				"west": {"uv": [4, 14, 4.33333, 14.66667], "texture": "#4"},
				"up": {"uv": [14.16667, 4.33333, 13.33333, 4], "texture": "#4"},
				"down": {"uv": [14.16667, 4.66667, 13.33333, 5], "texture": "#4"}
			}
		},
		{
			"from": [7.35, 14.07617, 8.60545],
			"to": [8.65, 14.57617, 9.10545],
			"rotation": {"angle": -22.5, "axis": "x", "origin": [7.6, 14.20117, 8.60545]},
			"faces": {
				"east": {"uv": [10.66667, 14, 11, 14.33333], "texture": "#4"},
				"south": {"uv": [13.33333, 5.33333, 14.16667, 5.66667], "texture": "#4"},
				"west": {"uv": [14, 10.66667, 14.33333, 11], "texture": "#4"},
				"up": {"uv": [6.83333, 13.66667, 6, 13.33333], "texture": "#4"},
				"down": {"uv": [14.16667, 6, 13.33333, 6.33333], "texture": "#4"}
			}
		},
		{
			"from": [7.425, 13.85628, 7.5],
			"to": [7.875, 14.85628, 8.5],
			"rotation": {"angle": -45, "axis": "x", "origin": [7.7, 14.35628, 8]},
			"faces": {
				"north": {"uv": [4.66667, 14, 5, 14.66667], "texture": "#4"},
				"east": {"uv": [10.66667, 12, 11.33333, 12.66667], "texture": "#4"},
				"south": {"uv": [5.33333, 14, 5.66667, 14.66667], "texture": "#4"},
				"west": {"uv": [12, 11.33333, 12.66667, 12], "texture": "#4"},
				"up": {"uv": [6.33333, 14.66667, 6, 14], "texture": "#4"},
				"down": {"uv": [7, 14, 6.66667, 14.66667], "texture": "#4"}
			}
		},
		{
			"from": [8.125, 13.85628, 7.5],
			"to": [8.575, 14.85628, 8.5],
			"rotation": {"angle": -45, "axis": "x", "origin": [8.3, 14.35628, 8]},
			"faces": {
				"north": {"uv": [14, 6.66667, 14.33333, 7.33333], "texture": "#4"},
				"east": {"uv": [12, 12, 12.66667, 12.66667], "texture": "#4"},
				"south": {"uv": [7.33333, 14, 7.66667, 14.66667], "texture": "#4"},
				"west": {"uv": [12.66667, 0, 13.33333, 0.66667], "texture": "#4"},
				"up": {"uv": [14.33333, 8, 14, 7.33333], "texture": "#4"},
				"down": {"uv": [8.33333, 14, 8, 14.66667], "texture": "#4"}
			}
		},
		{
			"from": [7.175, 9.9, 5],
			"to": [7.175, 15.9, 11],
			"rotation": {"angle": 45, "axis": "x", "origin": [7.175, 12.9, 8]},
			"faces": {
				"west": {"uv": [0, 0, 12, 12], "texture": "#1"}
			}
		},
		{
			"from": [8.825, 9.9, 5],
			"to": [8.825, 15.9, 11],
			"rotation": {"angle": 45, "axis": "x", "origin": [8.825, 12.9, 8]},
			"faces": {
				"east": {"uv": [12, 0, 0, 12], "texture": "#1"}
			}
		},
		{
			"from": [7.97, 14.73396, 3.90255],
			"to": [8.03, 16.98396, 7.90255],
			"rotation": {"angle": 45, "axis": "x", "origin": [7.97, 15.08396, 4.05255]},
			"faces": {
				"east": {"uv": [9.33333, 0, 6.66667, 1.5], "texture": "#4"},
				"west": {"uv": [6.66667, 0, 9.33333, 1.5], "texture": "#4"}
			}
		},
		{
			"from": [7.97, 14.73396, 8.09745],
			"to": [8.03, 16.98396, 12.09745],
			"rotation": {"angle": -45, "axis": "x", "origin": [7.97, 15.08396, 11.94745]},
			"faces": {
				"east": {"uv": [6.66667, 0, 9.33333, 1.5], "texture": "#4"},
				"west": {"uv": [9.33333, 0, 6.66667, 1.5], "texture": "#4"}
			}
		},
		{
			"from": [7.75, 11.5, 2.5],
			"to": [8.25, 12.5, 10],
			"rotation": {"angle": 0, "axis": "y", "origin": [7.75, 11.5, 5.5]},
			"faces": {
				"north": {"uv": [14, 8, 14.33333, 8.66667], "texture": "#4"},
				"east": {"uv": [6.66667, 4, 11.66667, 4.66667], "texture": "#4"},
				"south": {"uv": [8.66667, 14, 9, 14.66667], "texture": "#4"},
				"west": {"uv": [6.66667, 4.66667, 11.66667, 5.33333], "texture": "#4"},
				"up": {"uv": [8.33333, 11.66667, 8, 6.66667], "texture": "#4"},
				"down": {"uv": [0.33333, 8.66667, 0, 13.66667], "texture": "#4"}
			}
		},
		{
			"from": [7.755, 12.23744, 1.71967],
			"to": [8.245, 13.23744, 3.21967],
			"rotation": {"angle": 45, "axis": "x", "origin": [8.005, 12.73744, 1.96967]},
			"faces": {
				"north": {"uv": [14, 8.66667, 14.33333, 9.33333], "texture": "#4"},
				"east": {"uv": [11.33333, 3.33333, 12.33333, 4], "texture": "#4"},
				"west": {"uv": [11.33333, 10.66667, 12.33333, 11.33333], "texture": "#4"},
				"up": {"uv": [5, 13.66667, 4.66667, 12.66667], "texture": "#4"},
				"down": {"uv": [5.66667, 12.66667, 5.33333, 13.66667], "texture": "#4"}
			}
		},
		{
			"from": [7.98, 5.75, -0.25],
			"to": [8.02, 15, 5.5],
			"rotation": {"angle": 0, "axis": "y", "origin": [7.98, 6, 0]},
			"faces": {
				"east": {"uv": [3.83333, 0, 0, 6.16667], "texture": "#4"},
				"west": {"uv": [0, 0, 3.83333, 6.16667], "texture": "#4"}
			}
		},
		{
			"from": [7.775, 9.5, 5],
			"to": [8.225, 12.5, 8],
			"rotation": {"angle": -22.5, "axis": "x", "origin": [7.75, 10.5, 7]},
			"faces": {
				"north": {"uv": [7.33333, 11.33333, 7.66667, 13.33333], "texture": "#4"},
				"east": {"uv": [2, 6.66667, 4, 8.66667], "texture": "#4"},
				"west": {"uv": [6.66667, 2, 8.66667, 4], "texture": "#4"},
				"down": {"uv": [11.66667, 11.33333, 11.33333, 13.33333], "texture": "#4"}
			}
		}
	],
	"gui_light": "front",
	"display": {
		"thirdperson_righthand": {
			"translation": [0, 3.5, 1]
		},
		"thirdperson_lefthand": {
			"translation": [0, 3.5, 1]
		},
		"firstperson_righthand": {
			"rotation": [-10, 0, 0],
			"translation": [0, 3.5, 0]
		},
		"firstperson_lefthand": {
			"rotation": [-10, 0, 0],
			"translation": [0, 3.5, 0]
		},
		"ground": {
			"rotation": [45, 0, 0],
			"translation": [0, 13.75, 0]
		},
		"gui": {
			"rotation": [-90, 45, 90],
			"scale": [0.81055, 0.81055, 0.81055]
		},
		"head": {
			"rotation": [0, 90, 0],
			"scale": [1.5, 1.5, 1.5]
		},
		"fixed": {
			"rotation": [90, -90, 90],
			"translation": [0, 2.5, -1],
			"scale": [1.5, 1.5, 1.5]
		}
	}
}