{
    "providers":[
        {"type":"bitmap","file":"sunblock:prefixes/owner.png","ascent":8,"height":8,"chars":["\ue100"]},
        {"type":"bitmap","file":"sunblock:prefixes/admin.png","ascent":8,"height":8,"chars":["\ue101"]},
        {"type":"bitmap","file":"sunblock:prefixes/mod.png","ascent":8,"height":8,"chars":["\ue102"]},
        {"type":"bitmap","file":"sunblock:prefixes/guide.png","ascent":8,"height":8,"chars":["\ue103"]},
        {"type":"bitmap","file":"sunblock:prefixes/media.png","ascent":8,"height":8,"chars":["\ue104"]},
        {"type":"bitmap","file":"sunblock:prefixes/coal.png","ascent":8,"height":8,"chars":["\ue105"]},
        {"type":"bitmap","file":"sunblock:prefixes/iron.png","ascent":8,"height":8,"chars":["\ue106"]},
        {"type":"bitmap","file":"sunblock:prefixes/gold.png","ascent":8,"height":8,"chars":["\ue107"]},
        {"type":"bitmap","file":"sunblock:prefixes/ruby.png","ascent":8,"height":8,"chars":["\ue108"]},
        {"type":"bitmap","file":"sunblock:prefixes/emerald.png","ascent":8,"height":8,"chars":["\ue109"]},
        {"type":"bitmap","file":"sunblock:prefixes/diamond.png","ascent":8,"height":8,"chars":["\ue110"]},
        {"type":"bitmap","file":"sunblock:prefixes/ownertag.png","ascent":7,"height":7,"chars":["\ue111"]},
        {"type":"bitmap","file":"sunblock:prefixes/admintag.png","ascent":7,"height":7,"chars":["\ue112"]},
        {"type":"bitmap","file":"sunblock:prefixes/modtag.png","ascent":7,"height":7,"chars":["\ue113"]},
        {"type":"bitmap","file":"sunblock:prefixes/guidetag.png","ascent":7,"height":7,"chars":["\ue114"]},
        {"type":"bitmap","file":"sunblock:prefixes/mediatag.png","ascent":7,"height":7,"chars":["\ue115"]},
        {"type":"bitmap","file":"sunblock:prefixes/coaltag.png","ascent":7,"height":7,"chars":["\ue116"]},
        {"type":"bitmap","file":"sunblock:prefixes/irontag.png","ascent":7,"height":7,"chars":["\ue117"]},
        {"type":"bitmap","file":"sunblock:prefixes/goldtag.png","ascent":7,"height":7,"chars":["\ue118"]},
        {"type":"bitmap","file":"sunblock:prefixes/rubytag.png","ascent":7,"height":7,"chars":["\ue119"]},
        {"type":"bitmap","file":"sunblock:prefixes/emeraldtag.png","ascent":7,"height":7,"chars":["\ue120"]},
        {"type":"bitmap","file":"sunblock:prefixes/diamondtag.png","ascent":7,"height":7,"chars":["\ue121"]},
        {"type":"bitmap","file":"sunblock:prefixes/sunblockgg.png","ascent":55,"height":55,"chars":["\ue122"]},
        {"type":"bitmap","file":"sunblock:emojis/afk.png","ascent":7,"height":7,"chars":["\ue123"]},
        {"type":"bitmap","file":"sunblock:emojis/blueerror.png","ascent":7,"height":7,"chars":["\ue124"]},
        {"type":"bitmap","file":"sunblock:emojis/rederror.png","ascent":7,"height":7,"chars":["\ue125"]},
        {"type":"bitmap","file":"sunblock:emojis/yellowerror.png","ascent":7,"height":7,"chars":["\ue126"]},
        {"type":"bitmap","file":"sunblock:emojis/earth.png","ascent":7,"height":7,"chars":["\ue127"]},
        {"type":"bitmap","file":"sunblock:emojis/enterdoor.png","ascent":8,"height":8,"chars":["\ue128"]},
        {"type":"bitmap","file":"sunblock:emojis/exitdoor.png","ascent":8,"height":8,"chars":["\ue129"]},
        {"type":"bitmap","file":"sunblock:emojis/gem.png","ascent":8,"height":8,"chars":["\ue130"]},
        {"type":"bitmap","file":"sunblock:emojis/message_icon.png","ascent":8,"height":8,"chars":["\ue131"]},
        {"type":"bitmap","file":"sunblock:prefixes/playersun.png","ascent":8,"height":8,"chars":["\ue132"]},
        {"type":"bitmap","file":"sunblock:prefixes/team.png","ascent":8,"height":8,"chars":["\ue133"]},
        {"type":"bitmap","file":"sunblock:prefixes/teamtag.png","ascent":7,"height":7,"chars":["\ue134"]}
    ]
}