{
	"credit": "Made by PolygonMC",
	"texture_size": [28, 28],
	"textures": {
		"1": "sunblock:item/evergreenset/animations/animations_1",
		"2": "sunblock:item/evergreenset/shield",
		"particle": "sunblock:item/evergreenset/animations/animations_1"
	},
	"elements": [
		{
			"from": [7.5, 4.46831, 9.5375],
			"to": [8.5, 6.21831, 10.5375],
			"rotation": {"angle": 0, "axis": "y", "origin": [8.5, 4.46831, 9.5375]},
			"faces": {
				"north": {"uv": [7.42857, 9.71429, 8, 10.71429], "texture": "#2"},
				"east": {"uv": [5.14286, 9.71429, 5.71429, 10.71429], "texture": "#2"},
				"south": {"uv": [9.71429, 5.14286, 10.28571, 6.14286], "texture": "#2"},
				"west": {"uv": [9.71429, 6.28571, 10.28571, 7.28571], "texture": "#2"},
				"up": {"uv": [9.14286, 1.71429, 8.57143, 1.14286], "rotation": 90, "texture": "#2"}
			}
		},
		{
			"from": [7.5, 7.21831, 9.5375],
			"to": [8.5, 8.96831, 10.5375],
			"rotation": {"angle": 0, "axis": "y", "origin": [8.5, 6.96831, 9.5375]},
			"faces": {
				"north": {"uv": [9.71429, 8.57143, 10.28571, 9.57143], "texture": "#2"},
				"east": {"uv": [9.71429, 7.42857, 10.28571, 8.42857], "texture": "#2"},
				"south": {"uv": [8, 9.71429, 8.57143, 10.71429], "texture": "#2"},
				"west": {"uv": [8.57143, 9.71429, 9.14286, 10.71429], "texture": "#2"},
				"up": {"uv": [12, 2.85714, 11.42857, 2.28571], "rotation": 90, "texture": "#2"},
				"down": {"uv": [12, 2.85714, 11.42857, 3.42857], "rotation": 270, "texture": "#2"}
			}
		},
		{
			"from": [7.6, 6.21831, 9.6375],
			"to": [8.4, 7.21831, 10.4375],
			"rotation": {"angle": 0, "axis": "y", "origin": [8.5, 6.46831, 9.5375]},
			"faces": {
				"north": {"uv": [12, 2.85714, 12.42857, 3.42857], "texture": "#2"},
				"east": {"uv": [1.14286, 12, 1.57143, 12.57143], "texture": "#2"},
				"south": {"uv": [12, 1.71429, 12.42857, 2.28571], "texture": "#2"},
				"west": {"uv": [12, 2.28571, 12.42857, 2.85714], "texture": "#2"}
			}
		},
		{
			"from": [7.4, 5.21831, 9.4375],
			"to": [8.6, 5.71831, 10.6375],
			"rotation": {"angle": 0, "axis": "y", "origin": [8.5, 4.71831, 9.5375]},
			"faces": {
				"north": {"uv": [12, 9.14286, 12.71429, 9.42857], "texture": "#2"},
				"east": {"uv": [7.42857, 12, 8.14286, 12.28571], "texture": "#2"},
				"south": {"uv": [12, 8, 12.71429, 8.28571], "texture": "#2"},
				"west": {"uv": [12, 8.57143, 12.71429, 8.85714], "texture": "#2"},
				"up": {"uv": [11, 3, 10.28571, 2.28571], "rotation": 90, "texture": "#2"},
				"down": {"uv": [4.14286, 10.28571, 3.42857, 11], "rotation": 270, "texture": "#2"}
			}
		},
		{
			"from": [7.4, 7.71831, 9.4375],
			"to": [8.6, 8.21831, 10.6375],
			"rotation": {"angle": 0, "axis": "y", "origin": [8.5, 7.21831, 9.5375]},
			"faces": {
				"north": {"uv": [11.42857, 12, 12.14286, 12.28571], "texture": "#2"},
				"east": {"uv": [12, 9.71429, 12.71429, 10], "texture": "#2"},
				"south": {"uv": [12, 10.28571, 12.71429, 10.57143], "texture": "#2"},
				"west": {"uv": [12, 10.85714, 12.71429, 11.14286], "texture": "#2"},
				"up": {"uv": [11, 4.71429, 10.28571, 4], "rotation": 90, "texture": "#2"},
				"down": {"uv": [11, 5.14286, 10.28571, 5.85714], "rotation": 270, "texture": "#2"}
			}
		},
		{
			"from": [7.405, 3.62331, 9.4925],
			"to": [8.595, 4.81331, 10.5825],
			"rotation": {"angle": -45, "axis": "z", "origin": [8, 4.21831, 10.0375]},
			"faces": {
				"north": {"uv": [10.28571, 6.28571, 11, 7], "texture": "#2"},
				"east": {"uv": [5.14286, 10.85714, 5.71429, 11.57143], "texture": "#2"},
				"south": {"uv": [5.71429, 10.28571, 6.42857, 11], "texture": "#2"},
				"west": {"uv": [7.42857, 10.85714, 8, 11.57143], "texture": "#2"},
				"up": {"uv": [8.57143, 11.57143, 8, 10.85714], "rotation": 90, "texture": "#2"},
				"down": {"uv": [9.14286, 10.85714, 8.57143, 11.57143], "rotation": 270, "texture": "#2"}
			}
		},
		{
			"from": [7.555, 3.77331, 9.2925],
			"to": [8.445, 4.66331, 10.7825],
			"rotation": {"angle": -45, "axis": "z", "origin": [8, 4.21831, 10.0375]},
			"faces": {
				"north": {"uv": [11.42857, 7.42857, 12, 8], "texture": "#2"},
				"east": {"uv": [10.28571, 7.42857, 11.14286, 8], "texture": "#2"},
				"south": {"uv": [6.28571, 11.42857, 6.85714, 12], "texture": "#2"},
				"west": {"uv": [10.28571, 8, 11.14286, 8.57143], "texture": "#2"},
				"up": {"uv": [11.14286, 9.14286, 10.28571, 8.57143], "rotation": 90, "texture": "#2"},
				"down": {"uv": [10, 10.28571, 9.14286, 10.85714], "rotation": 270, "texture": "#2"}
			}
		},
		{
			"from": [7.655, 3.87331, 7.0025],
			"to": [8.345, 4.56331, 9.2925],
			"rotation": {"angle": -45, "axis": "z", "origin": [8, 4.21831, 10.0475]},
			"faces": {
				"east": {"uv": [9.14286, 9.71429, 10.42857, 10.14286], "texture": "#2"},
				"west": {"uv": [0, 10.28571, 1.28571, 10.71429], "texture": "#2"},
				"up": {"uv": [11.57143, 1.57143, 10.28571, 1.14286], "rotation": 90, "texture": "#2"},
				"down": {"uv": [11.57143, 1.71429, 10.28571, 2.14286], "rotation": 270, "texture": "#2"}
			}
		},
		{
			"from": [7.655, 8.87331, 7.0025],
			"to": [8.345, 9.56331, 9.2925],
			"rotation": {"angle": -45, "axis": "z", "origin": [8, 9.21831, 10.0475]},
			"faces": {
				"east": {"uv": [9.14286, 9.71429, 10.42857, 10.14286], "texture": "#2"},
				"west": {"uv": [0, 10.28571, 1.28571, 10.71429], "texture": "#2"},
				"up": {"uv": [11.57143, 1.57143, 10.28571, 1.14286], "rotation": 90, "texture": "#2"},
				"down": {"uv": [11.57143, 1.71429, 10.28571, 2.14286], "rotation": 270, "texture": "#2"}
			}
		},
		{
			"from": [6.905, 12.77331, 5.8425],
			"to": [8.345, 14.21331, 7.7325],
			"rotation": {"angle": -45, "axis": "z", "origin": [8, 13.11831, 6.7875]},
			"faces": {
				"north": {"uv": [9.14286, 4, 10, 4.85714], "texture": "#2"},
				"east": {"uv": [8, 2.85714, 9.14286, 3.71429], "texture": "#2"},
				"south": {"uv": [3.42857, 9.14286, 4.28571, 10], "texture": "#2"},
				"west": {"uv": [8.57143, 0, 9.71429, 0.85714], "texture": "#2"},
				"up": {"uv": [5.71429, 9.42857, 4.57143, 8.57143], "rotation": 90, "texture": "#2"},
				"down": {"uv": [8.57143, 8.57143, 7.42857, 9.42857], "rotation": 270, "texture": "#2"}
			}
		},
		{
			"from": [6.655, 12.52331, 6.0425],
			"to": [8.595, 14.46331, 7.5325],
			"rotation": {"angle": -45, "axis": "z", "origin": [8, 13.11831, 6.7875]},
			"faces": {
				"north": {"uv": [0, 8, 1.14286, 9.14286], "texture": "#2"},
				"east": {"uv": [8.57143, 8.57143, 9.42857, 9.71429], "texture": "#2"},
				"south": {"uv": [4.57143, 7.42857, 5.71429, 8.57143], "texture": "#2"},
				"west": {"uv": [0, 9.14286, 0.85714, 10.28571], "texture": "#2"},
				"up": {"uv": [2, 10.28571, 1.14286, 9.14286], "rotation": 90, "texture": "#2"},
				"down": {"uv": [10, 1.14286, 9.14286, 2.28571], "rotation": 270, "texture": "#2"}
			}
		},
		{
			"from": [7, 13.71831, 6.5375],
			"to": [9, 15.71831, 7.0375],
			"rotation": {"angle": 45, "axis": "z", "origin": [8, 14.71831, 6.7875]},
			"faces": {
				"north": {"uv": [8, 1.71429, 9.14286, 2.85714], "texture": "#2"},
				"east": {"uv": [11.42857, 8, 11.71429, 9.14286], "texture": "#2"},
				"south": {"uv": [1.14286, 8, 2.28571, 9.14286], "texture": "#2"},
				"west": {"uv": [9.14286, 11.42857, 9.42857, 12.57143], "texture": "#2"},
				"up": {"uv": [10, 12.57143, 9.71429, 11.42857], "rotation": 90, "texture": "#2"},
				"down": {"uv": [10.57143, 11.42857, 10.28571, 12.57143], "rotation": 270, "texture": "#2"}
			}
		},
		{
			"from": [6.5, 1.21831, 10.0125],
			"to": [9.5, 4.21831, 10.0625],
			"rotation": {"angle": -45, "axis": "z", "origin": [8, 2.71831, 10.0125]},
			"faces": {
				"north": {"uv": [13.42857, 0, 15.14286, 1.71429], "texture": "#2"},
				"south": {"uv": [13.42857, 0, 15.14286, 1.71429], "rotation": 270, "texture": "#2"}
			}
		},
		{
			"from": [7.555, 8.77331, 9.2925],
			"to": [8.445, 9.66331, 10.7825],
			"rotation": {"angle": 45, "axis": "z", "origin": [8, 9.21831, 10.0375]},
			"faces": {
				"north": {"uv": [11.42857, 8, 12, 7.42857], "texture": "#2"},
				"east": {"uv": [10.28571, 8, 11.14286, 7.42857], "texture": "#2"},
				"south": {"uv": [6.28571, 12, 6.85714, 11.42857], "texture": "#2"},
				"west": {"uv": [10.28571, 8.57143, 11.14286, 8], "texture": "#2"},
				"up": {"uv": [10, 10.85714, 9.14286, 10.28571], "rotation": 90, "texture": "#2"},
				"down": {"uv": [11.14286, 8.57143, 10.28571, 9.14286], "rotation": 270, "texture": "#2"}
			}
		},
		{
			"from": [7.405, 8.62331, 9.4925],
			"to": [8.595, 9.81331, 10.5825],
			"rotation": {"angle": 45, "axis": "z", "origin": [8, 9.21831, 10.0375]},
			"faces": {
				"north": {"uv": [10.28571, 7, 11, 6.28571], "texture": "#2"},
				"east": {"uv": [5.14286, 11.57143, 5.71429, 10.85714], "texture": "#2"},
				"south": {"uv": [5.71429, 11, 6.42857, 10.28571], "texture": "#2"},
				"west": {"uv": [7.42857, 11.57143, 8, 10.85714], "texture": "#2"},
				"up": {"uv": [9.14286, 11.57143, 8.57143, 10.85714], "rotation": 90, "texture": "#2"},
				"down": {"uv": [8.57143, 10.85714, 8, 11.57143], "rotation": 270, "texture": "#2"}
			}
		},
		{
			"from": [6.5, 9.21831, 10.0125],
			"to": [9.5, 12.21831, 10.0625],
			"rotation": {"angle": 45, "axis": "z", "origin": [8, 10.71831, 10.0125]},
			"faces": {
				"north": {"uv": [13.42857, 1.71429, 15.14286, 0], "texture": "#2"},
				"south": {"uv": [15.14286, 0, 13.42857, 1.71429], "rotation": 270, "texture": "#2"}
			}
		},
		{
			"from": [10.54338, 11.58823, 6.76575],
			"to": [12.53338, 16.06823, 6.80925],
			"rotation": {"angle": -22.5, "axis": "z", "origin": [11.08038, 13.52648, 6.76575]},
			"faces": {
				"north": {"uv": [6.85714, 1.71429, 8, 4.28571], "texture": "#2"},
				"south": {"uv": [8, 1.71429, 6.85714, 4.28571], "texture": "#2"}
			}
		},
		{
			"from": [8.33042, 12.63366, 6.4875],
			"to": [10.33042, 13.63366, 7.0875],
			"rotation": {"angle": -22.5, "axis": "z", "origin": [9.88071, 13.20108, 6.7875]},
			"faces": {
				"north": {"uv": [9.71429, 0, 10.85714, 0.57143], "texture": "#2"},
				"east": {"uv": [8.57143, 12, 8.85714, 12.57143], "texture": "#2"},
				"south": {"uv": [8, 4, 9.14286, 4.57143], "texture": "#2"},
				"up": {"uv": [11.71429, 11.42857, 11.42857, 10.28571], "rotation": 90, "texture": "#2"},
				"down": {"uv": [11.14286, 11.42857, 10.85714, 12.57143], "rotation": 270, "texture": "#2"}
			}
		},
		{
			"from": [9.84708, 12.46645, 6.52125],
			"to": [10.67958, 15.13145, 7.05375],
			"rotation": {"angle": -45, "axis": "z", "origin": [9.88071, 13.20108, 6.7875]},
			"faces": {
				"north": {"uv": [9.14286, 6.85714, 9.57143, 8.42857], "texture": "#2"},
				"east": {"uv": [2.85714, 10.85714, 3.14286, 12.42857], "texture": "#2"},
				"south": {"uv": [9.14286, 5.14286, 9.57143, 6.71429], "texture": "#2"},
				"west": {"uv": [4.57143, 10.85714, 4.85714, 12.42857], "texture": "#2"},
				"up": {"uv": [4.28571, 13.57143, 4, 13.14286], "rotation": 90, "texture": "#2"},
				"down": {"uv": [4.85714, 13.14286, 4.57143, 13.57143], "rotation": 270, "texture": "#2"}
			}
		},
		{
			"from": [7.91161, 15.31831, 6.1125],
			"to": [8.41161, 16.31831, 7.4625],
			"rotation": {"angle": -45, "axis": "z", "origin": [7.91161, 15.69331, 6.3625]},
			"faces": {
				"north": {"uv": [1.14286, 12.57143, 1.42857, 13.14286], "texture": "#2"},
				"east": {"uv": [10.85714, 0.57143, 11.57143, 1.14286], "texture": "#2"},
				"south": {"uv": [0, 12.57143, 0.28571, 13.14286], "texture": "#2"},
				"west": {"uv": [10.85714, 3.42857, 11.57143, 4], "texture": "#2"},
				"up": {"uv": [12.71429, 11.71429, 12, 11.42857], "rotation": 90, "texture": "#2"},
				"down": {"uv": [13.28571, 0, 12.57143, 0.28571], "rotation": 270, "texture": "#2"}
			}
		},
		{
			"from": [7.41161, 15.31831, 6.1125],
			"to": [7.91161, 15.81831, 7.4625],
			"rotation": {"angle": -45, "axis": "z", "origin": [7.91161, 15.69331, 6.3625]},
			"faces": {
				"north": {"uv": [5.71429, 13.14286, 6, 13.42857], "texture": "#2"},
				"south": {"uv": [5.14286, 13.14286, 5.42857, 13.42857], "texture": "#2"},
				"west": {"uv": [12.57143, 0.57143, 13.28571, 0.85714], "texture": "#2"},
				"up": {"uv": [13.28571, 1.42857, 12.57143, 1.14286], "rotation": 90, "texture": "#2"},
				"down": {"uv": [13.28571, 1.71429, 12.57143, 2], "rotation": 270, "texture": "#2"}
			}
		},
		{
			"from": [8.10545, 14.29448, 6.1125],
			"to": [8.60545, 15.29448, 7.4625],
			"rotation": {"angle": 22.5, "axis": "z", "origin": [8.60545, 14.91948, 6.3625]},
			"faces": {
				"north": {"uv": [4.57143, 12.57143, 4.85714, 13.14286], "texture": "#2"},
				"east": {"uv": [9.14286, 10.85714, 9.85714, 11.42857], "texture": "#2"},
				"south": {"uv": [2.85714, 12.57143, 3.14286, 13.14286], "texture": "#2"},
				"west": {"uv": [10.85714, 9.71429, 11.57143, 10.28571], "texture": "#2"},
				"up": {"uv": [13.28571, 2.57143, 12.57143, 2.28571], "rotation": 90, "texture": "#2"},
				"down": {"uv": [13.28571, 2.85714, 12.57143, 3.14286], "rotation": 270, "texture": "#2"}
			}
		},
		{
			"from": [8.60545, 14.79448, 6.1125],
			"to": [9.10545, 15.29448, 7.4625],
			"rotation": {"angle": 22.5, "axis": "z", "origin": [8.60545, 14.91948, 6.3625]},
			"faces": {
				"north": {"uv": [7.42857, 13.14286, 7.71429, 13.42857], "texture": "#2"},
				"east": {"uv": [12.57143, 3.42857, 13.28571, 3.71429], "texture": "#2"},
				"south": {"uv": [6.28571, 13.14286, 6.57143, 13.42857], "texture": "#2"},
				"up": {"uv": [13.28571, 4.28571, 12.57143, 4], "rotation": 90, "texture": "#2"},
				"down": {"uv": [13.28571, 4.57143, 12.57143, 4.85714], "rotation": 270, "texture": "#2"}
			}
		},
		{
			"from": [7.39455, 14.29448, 6.1125],
			"to": [7.89455, 15.29448, 7.4625],
			"rotation": {"angle": -22.5, "axis": "z", "origin": [7.39455, 14.91948, 6.3625]},
			"faces": {
				"north": {"uv": [8.57143, 12.57143, 8.85714, 13.14286], "texture": "#2"},
				"east": {"uv": [10.28571, 10.85714, 11, 11.42857], "texture": "#2"},
				"south": {"uv": [12.57143, 7.42857, 12.85714, 8], "texture": "#2"},
				"west": {"uv": [0.57143, 11.42857, 1.28571, 12], "texture": "#2"},
				"up": {"uv": [13.28571, 5.42857, 12.57143, 5.14286], "rotation": 90, "texture": "#2"},
				"down": {"uv": [13.28571, 5.71429, 12.57143, 6], "rotation": 270, "texture": "#2"}
			}
		},
		{
			"from": [6.89455, 14.79448, 6.1125],
			"to": [7.39455, 15.29448, 7.4625],
			"rotation": {"angle": -22.5, "axis": "z", "origin": [7.39455, 14.91948, 6.3625]},
			"faces": {
				"north": {"uv": [8, 13.14286, 8.28571, 13.42857], "texture": "#2"},
				"south": {"uv": [13.14286, 7.42857, 13.42857, 7.71429], "texture": "#2"},
				"west": {"uv": [12.57143, 6.28571, 13.28571, 6.57143], "texture": "#2"},
				"up": {"uv": [13.28571, 7.14286, 12.57143, 6.85714], "rotation": 90, "texture": "#2"},
				"down": {"uv": [8.14286, 12.57143, 7.42857, 12.85714], "rotation": 270, "texture": "#2"}
			}
		},
		{
			"from": [7.5, 14.57459, 6.2125],
			"to": [8.5, 15.57459, 6.6625],
			"rotation": {"angle": -45, "axis": "z", "origin": [8, 15.07459, 6.4875]},
			"faces": {
				"north": {"uv": [11.42857, 11.42857, 12, 12], "texture": "#2"},
				"east": {"uv": [9.14286, 12.57143, 9.42857, 13.14286], "texture": "#2"},
				"south": {"uv": [11.42857, 9.14286, 12, 9.71429], "texture": "#2"},
				"west": {"uv": [9.71429, 12.57143, 10, 13.14286], "texture": "#2"},
				"up": {"uv": [10.57143, 13.14286, 10.28571, 12.57143], "rotation": 90, "texture": "#2"},
				"down": {"uv": [11.14286, 12.57143, 10.85714, 13.14286], "rotation": 270, "texture": "#2"}
			}
		},
		{
			"from": [7.5, 14.57459, 6.9125],
			"to": [8.5, 15.57459, 7.3625],
			"rotation": {"angle": -45, "axis": "z", "origin": [8, 15.07459, 7.0875]},
			"faces": {
				"north": {"uv": [12, 0, 12.57143, 0.57143], "texture": "#2"},
				"east": {"uv": [11.42857, 12.57143, 11.71429, 13.14286], "texture": "#2"},
				"south": {"uv": [0, 12, 0.57143, 12.57143], "texture": "#2"},
				"west": {"uv": [12, 12.57143, 12.28571, 13.14286], "texture": "#2"},
				"up": {"uv": [12.85714, 12.57143, 12.57143, 12], "rotation": 90, "texture": "#2"},
				"down": {"uv": [12.85714, 12.57143, 12.57143, 13.14286], "rotation": 270, "texture": "#2"}
			}
		},
		{
			"from": [5, 10.71831, 5.9625],
			"to": [11, 16.71831, 5.9625],
			"rotation": {"angle": 45, "axis": "z", "origin": [8, 13.71831, 5.9625]},
			"faces": {
				"north": {"uv": [0, 0, 12, 12], "texture": "#1"}
			}
		},
		{
			"from": [6.5, 0.21831, 6.5375],
			"to": [9.5, 13.21831, 7.0375],
			"rotation": {"angle": 0, "axis": "y", "origin": [9, 11.21831, 6.5375]},
			"faces": {
				"north": {"uv": [13.71429, 1.85714, 15.42857, 9.28571], "texture": "#2"},
				"east": {"uv": [12.85714, 8, 13.14286, 15.42857], "texture": "#2"},
				"south": {"uv": [13.71429, 1.85714, 15.42857, 9.28571], "texture": "#2"},
				"west": {"uv": [13.28571, 8, 13.57143, 15.42857], "texture": "#2"}
			}
		},
		{
			"from": [6.25, 2.71831, 6.2875],
			"to": [9.75, 4.71831, 7.2875],
			"rotation": {"angle": 0, "axis": "y", "origin": [9.5, 2.71831, 6.2875]},
			"faces": {
				"north": {"uv": [6.85714, 5.71429, 8.85714, 6.85714], "texture": "#2"},
				"east": {"uv": [9.71429, 2.28571, 10.28571, 3.42857], "texture": "#2"},
				"south": {"uv": [6.85714, 4.57143, 8.85714, 5.71429], "texture": "#2"},
				"west": {"uv": [4.57143, 9.71429, 5.14286, 10.85714], "texture": "#2"},
				"up": {"uv": [6.28571, 10, 5.71429, 8], "rotation": 90, "texture": "#2"},
				"down": {"uv": [6.85714, 8, 6.28571, 10], "rotation": 270, "texture": "#2"}
			}
		},
		{
			"from": [6.25, 8.71831, 6.2875],
			"to": [9.75, 10.71831, 7.2875],
			"rotation": {"angle": 0, "axis": "y", "origin": [9.5, 2.71831, 6.2875]},
			"faces": {
				"north": {"uv": [6.85714, 5.71429, 8.85714, 6.85714], "texture": "#2"},
				"east": {"uv": [9.71429, 2.28571, 10.28571, 3.42857], "texture": "#2"},
				"south": {"uv": [6.85714, 4.57143, 8.85714, 5.71429], "texture": "#2"},
				"west": {"uv": [4.57143, 9.71429, 5.14286, 10.85714], "texture": "#2"},
				"up": {"uv": [6.28571, 10, 5.71429, 8], "rotation": 90, "texture": "#2"},
				"down": {"uv": [6.85714, 8, 6.28571, 10], "rotation": 270, "texture": "#2"}
			}
		},
		{
			"from": [8.5, -0.78169, 6.9125],
			"to": [11.75, 13.21831, 6.9625],
			"rotation": {"angle": 0, "axis": "y", "origin": [11, 5.21831, 6.7625]},
			"faces": {
				"north": {"uv": [1, 0, 2.85714, 8], "texture": "#2"},
				"south": {"uv": [2.85714, 0, 1, 8], "texture": "#2"}
			}
		},
		{
			"from": [11.88352, -0.78169, 6.54123],
			"to": [13.63352, 13.21831, 6.59123],
			"rotation": {"angle": -22.5, "axis": "y", "origin": [10.88352, 5.21831, 6.39123]},
			"faces": {
				"north": {"uv": [0, 0, 1, 8], "texture": "#2"},
				"south": {"uv": [1, 0, 0, 8], "texture": "#2"}
			}
		},
		{
			"from": [5.66958, 12.63366, 6.4875],
			"to": [7.66958, 13.63366, 7.0875],
			"rotation": {"angle": 22.5, "axis": "z", "origin": [6.11929, 13.20108, 6.7875]},
			"faces": {
				"north": {"uv": [10.85714, 0, 9.71429, 0.57143], "texture": "#2"},
				"south": {"uv": [9.14286, 4, 8, 4.57143], "texture": "#2"},
				"west": {"uv": [8.85714, 12, 8.57143, 12.57143], "texture": "#2"},
				"up": {"uv": [11.71429, 10.28571, 11.42857, 11.42857], "rotation": 90, "texture": "#2"},
				"down": {"uv": [11.14286, 12.57143, 10.85714, 11.42857], "rotation": 270, "texture": "#2"}
			}
		},
		{
			"from": [5.32042, 12.46645, 6.52125],
			"to": [6.15292, 15.13145, 7.05375],
			"rotation": {"angle": 45, "axis": "z", "origin": [6.11929, 13.20108, 6.7875]},
			"faces": {
				"north": {"uv": [9.57143, 6.85714, 9.14286, 8.42857], "texture": "#2"},
				"east": {"uv": [4.85714, 10.85714, 4.57143, 12.42857], "texture": "#2"},
				"south": {"uv": [9.57143, 5.14286, 9.14286, 6.71429], "texture": "#2"},
				"west": {"uv": [3.14286, 10.85714, 2.85714, 12.42857], "texture": "#2"},
				"up": {"uv": [4.28571, 13.14286, 4, 13.57143], "rotation": 90, "texture": "#2"},
				"down": {"uv": [4.85714, 13.57143, 4.57143, 13.14286], "rotation": 270, "texture": "#2"}
			}
		},
		{
			"from": [3.46662, 11.58823, 6.76575],
			"to": [5.45662, 16.06823, 6.80925],
			"rotation": {"angle": 22.5, "axis": "z", "origin": [4.91962, 13.52648, 6.76575]},
			"faces": {
				"north": {"uv": [8, 1.71429, 6.85714, 4.28571], "texture": "#2"},
				"south": {"uv": [6.85714, 1.71429, 8, 4.28571], "texture": "#2"}
			}
		},
		{
			"from": [2.36648, -0.78169, 6.54123],
			"to": [4.11648, 13.21831, 6.59123],
			"rotation": {"angle": 22.5, "axis": "y", "origin": [5.11648, 5.21831, 6.39123]},
			"faces": {
				"north": {"uv": [1, 0, 0, 8], "texture": "#2"},
				"south": {"uv": [0, 0, 1, 8], "texture": "#2"}
			}
		},
		{
			"from": [4.25, -0.78169, 6.9125],
			"to": [7.5, 13.21831, 6.9625],
			"rotation": {"angle": 0, "axis": "y", "origin": [5, 5.21831, 6.7625]},
			"faces": {
				"north": {"uv": [2.85714, 0, 1, 8], "texture": "#2"},
				"south": {"uv": [1, 0, 2.85714, 8], "texture": "#2"}
			}
		},
		{
			"from": [7, 4.21831, 6.0375],
			"to": [9, 5.21831, 6.5375],
			"rotation": {"angle": 0, "axis": "y", "origin": [9, 4.21831, 6.0375]},
			"faces": {
				"north": {"uv": [9.71429, 3.42857, 10.85714, 4], "texture": "#2"},
				"east": {"uv": [0, 13.14286, 0.28571, 13.71429], "texture": "#2"},
				"south": {"uv": [9.71429, 0.57143, 10.85714, 1.14286], "texture": "#2"},
				"west": {"uv": [0.57143, 13.14286, 0.85714, 13.71429], "texture": "#2"},
				"up": {"uv": [0.85714, 13.14286, 0.57143, 12], "rotation": 90, "texture": "#2"},
				"down": {"uv": [12.28571, 0.57143, 12, 1.71429], "rotation": 270, "texture": "#2"}
			}
		},
		{
			"from": [8.84776, 4.98367, 6.04],
			"to": [10.34776, 5.98367, 6.535],
			"rotation": {"angle": 22.5, "axis": "z", "origin": [10.84776, 4.98367, 6.04]},
			"faces": {
				"north": {"uv": [10.28571, 10.28571, 11.14286, 10.85714], "texture": "#2"},
				"east": {"uv": [1.14286, 13.14286, 1.42857, 13.71429], "texture": "#2"},
				"south": {"uv": [10.28571, 9.14286, 11.14286, 9.71429], "texture": "#2"},
				"up": {"uv": [12.28571, 4.28571, 12, 3.42857], "rotation": 90, "texture": "#2"},
				"down": {"uv": [12.28571, 4.57143, 12, 5.42857], "rotation": 270, "texture": "#2"}
			}
		},
		{
			"from": [9.57716, 4.75427, 6.0425],
			"to": [10.57716, 6.25427, 6.5325],
			"rotation": {"angle": -22.5, "axis": "z", "origin": [10.57716, 5.25427, 6.0425]},
			"faces": {
				"north": {"uv": [0, 10.85714, 0.57143, 11.71429], "texture": "#2"},
				"east": {"uv": [5.14286, 12, 5.42857, 12.85714], "texture": "#2"},
				"south": {"uv": [1.71429, 10.28571, 2.28571, 11.14286], "texture": "#2"},
				"west": {"uv": [12, 5.71429, 12.28571, 6.57143], "texture": "#2"},
				"up": {"uv": [2, 13.71429, 1.71429, 13.14286], "rotation": 90, "texture": "#2"}
			}
		},
		{
			"from": [9.71089, 5.92972, 6.045],
			"to": [10.71089, 8.42972, 6.53],
			"rotation": {"angle": 22.5, "axis": "z", "origin": [10.21089, 6.67972, 6.545]},
			"faces": {
				"north": {"uv": [2.85714, 9.14286, 3.42857, 10.57143], "texture": "#2"},
				"east": {"uv": [1.71429, 11.42857, 2, 12.85714], "texture": "#2"},
				"south": {"uv": [9.14286, 2.28571, 9.71429, 3.71429], "texture": "#2"},
				"west": {"uv": [3.42857, 11.42857, 3.71429, 12.85714], "texture": "#2"}
			}
		},
		{
			"from": [8.79276, 8.54546, 6.045],
			"to": [10.29276, 9.54546, 6.53],
			"rotation": {"angle": 22.5, "axis": "z", "origin": [10.04276, 9.04546, 6.545]},
			"faces": {
				"north": {"uv": [0.57143, 10.85714, 1.42857, 11.42857], "texture": "#2"},
				"east": {"uv": [2.85714, 13.14286, 3.14286, 13.71429], "texture": "#2"},
				"south": {"uv": [10.85714, 0, 11.71429, 0.57143], "texture": "#2"},
				"west": {"uv": [3.42857, 13.14286, 3.71429, 13.71429], "texture": "#2"},
				"up": {"uv": [6.57143, 12.85714, 6.28571, 12], "rotation": 90, "texture": "#2"},
				"down": {"uv": [12.28571, 6.85714, 12, 7.71429], "rotation": 270, "texture": "#2"}
			}
		},
		{
			"from": [5.70724, 8.54546, 6.045],
			"to": [7.20724, 9.54546, 6.53],
			"rotation": {"angle": -22.5, "axis": "z", "origin": [5.95724, 9.04546, 6.545]},
			"faces": {
				"north": {"uv": [1.42857, 10.85714, 0.57143, 11.42857], "texture": "#2"},
				"east": {"uv": [3.71429, 13.14286, 3.42857, 13.71429], "texture": "#2"},
				"south": {"uv": [11.71429, 0, 10.85714, 0.57143], "texture": "#2"},
				"west": {"uv": [3.14286, 13.14286, 2.85714, 13.71429], "texture": "#2"},
				"up": {"uv": [6.57143, 12, 6.28571, 12.85714], "rotation": 90, "texture": "#2"},
				"down": {"uv": [12.28571, 7.71429, 12, 6.85714], "rotation": 270, "texture": "#2"}
			}
		},
		{
			"from": [5.28911, 5.92972, 6.045],
			"to": [6.28911, 8.42972, 6.53],
			"rotation": {"angle": -22.5, "axis": "z", "origin": [5.78911, 6.67972, 6.545]},
			"faces": {
				"north": {"uv": [3.42857, 9.14286, 2.85714, 10.57143], "texture": "#2"},
				"east": {"uv": [3.71429, 11.42857, 3.42857, 12.85714], "texture": "#2"},
				"south": {"uv": [9.71429, 2.28571, 9.14286, 3.71429], "texture": "#2"},
				"west": {"uv": [2, 11.42857, 1.71429, 12.85714], "texture": "#2"}
			}
		},
		{
			"from": [5.42284, 4.75427, 6.0425],
			"to": [6.42284, 6.25427, 6.5325],
			"rotation": {"angle": 22.5, "axis": "z", "origin": [5.42284, 5.25427, 6.0425]},
			"faces": {
				"north": {"uv": [0.57143, 10.85714, 0, 11.71429], "texture": "#2"},
				"east": {"uv": [12.28571, 5.71429, 12, 6.57143], "texture": "#2"},
				"south": {"uv": [2.28571, 10.28571, 1.71429, 11.14286], "texture": "#2"},
				"west": {"uv": [5.42857, 12, 5.14286, 12.85714], "texture": "#2"},
				"up": {"uv": [2, 13.14286, 1.71429, 13.71429], "rotation": 90, "texture": "#2"}
			}
		},
		{
			"from": [5.65224, 4.98367, 6.04],
			"to": [7.15224, 5.98367, 6.535],
			"rotation": {"angle": -22.5, "axis": "z", "origin": [5.15224, 4.98367, 6.04]},
			"faces": {
				"north": {"uv": [11.14286, 10.28571, 10.28571, 10.85714], "texture": "#2"},
				"south": {"uv": [11.14286, 9.14286, 10.28571, 9.71429], "texture": "#2"},
				"west": {"uv": [1.42857, 13.14286, 1.14286, 13.71429], "texture": "#2"},
				"up": {"uv": [12.28571, 3.42857, 12, 4.28571], "rotation": 90, "texture": "#2"},
				"down": {"uv": [12.28571, 5.42857, 12, 4.57143], "rotation": 270, "texture": "#2"}
			}
		},
		{
			"from": [6.875, -0.87008, 6.525],
			"to": [9, 1.25492, 7.05],
			"rotation": {"angle": -45, "axis": "z", "origin": [8, 0.12992, 6.8]},
			"faces": {
				"north": {"uv": [7.42857, 6.85714, 8.71429, 8.14286], "texture": "#2"},
				"east": {"uv": [4, 11.42857, 4.28571, 12.71429], "texture": "#2"},
				"south": {"uv": [13.71429, 9.42857, 15, 10.71429], "texture": "#2"},
				"west": {"uv": [11.42857, 4, 11.71429, 5.28571], "texture": "#2"},
				"up": {"uv": [6, 12.71429, 5.71429, 11.42857], "rotation": 90, "texture": "#2"},
				"down": {"uv": [11.71429, 5.71429, 11.42857, 7], "rotation": 270, "texture": "#2"}
			}
		}
	],
	"gui_light": "front",
	"display": {
		"thirdperson_righthand": {
			"rotation": [35, -45, 0],
			"translation": [2, 0.25, 0.25]
		},
		"thirdperson_lefthand": {
			"rotation": [35, -45, 0],
			"translation": [2, 0.25, 0.25]
		},
		"firstperson_righthand": {
			"rotation": [0, 0, 10],
			"translation": [-8, 3.25, 3.5]
		},
		"firstperson_lefthand": {
			"rotation": [0, 0, 10],
			"translation": [-8, 3.25, 3.5]
		},
		"ground": {
			"rotation": [45, 0, 0],
			"translation": [0, 8.75, 0]
		},
		"gui": {
			"rotation": [0, 180, -45],
			"translation": [0.25, -0.25, 0],
			"scale": [0.81055, 0.81055, 0.81055]
		},
		"head": {
			"scale": [1.5, 1.5, 1.5]
		},
		"fixed": {
			"translation": [0, 1, -1.25],
			"scale": [1.78125, 1.78125, 1.78125]
		}
	}
}