{
	"credit": "Made with Blockbench",
	"textures": {
		"1": "sunblock:item/misc/gloriouslogo",
		"particle": "sunblock:item/misc/gloriouslogo"
	},
	"elements": [
		{
			"from": [-16, 0, 0],
			"to": [32, 25, 1],
			"faces": {
				"north": {"uv": [0, 0, 16, 16], "texture": "#1"},
				"east": {"uv": [0, 0, 0.85091, 2.23515], "texture": "#1"},
				"south": {"uv": [0, 0, 16, 16], "texture": "#1"},
				"west": {"uv": [0, 0, 1.8303, 3.72848], "texture": "#1"},
				"up": {"uv": [0, 0, 3.95636, 2.40242], "texture": "#1"},
				"down": {"uv": [0, 0, 3.26788, 2], "texture": "#1"}
			}
		}
	],
	"display": {
		"fixed": {
			"translation": [0, 0, 7],
			"scale": [4, 4, 1]
		}
	}
}