{
	"credit": "Made by PolygonMC",
	"textures": {
		"0": "sunblock:item/sharkset/key",
		"particle": "sunblock:item/sharkset/key"
	},
	"elements": [
		{
			"from": [7.4, 7.6875, 9.65089],
			"to": [8.6, 9.4375, 11.40089],
			"rotation": {"angle": -45, "axis": "x", "origin": [7.5, 8.4375, 10.65089]},
			"faces": {
				"north": {"uv": [6, 2, 7, 4], "texture": "#0"},
				"east": {"uv": [0, 0, 2, 2], "texture": "#0"},
				"south": {"uv": [4, 6, 5, 8], "texture": "#0"},
				"west": {"uv": [0, 2, 2, 4], "texture": "#0"},
				"up": {"uv": [7, 6, 6, 4], "texture": "#0"},
				"down": {"uv": [6, 6, 5, 8], "texture": "#0"}
			}
		},
		{
			"from": [7.15, 7.9375, 9.90089],
			"to": [8.85, 9.1875, 11.15089],
			"rotation": {"angle": -45, "axis": "x", "origin": [7.5, 8.4375, 10.65089]},
			"faces": {
				"north": {"uv": [0, 4, 1.5, 5.5], "texture": "#0"},
				"east": {"uv": [4, 2, 5.5, 3.5], "texture": "#0"},
				"south": {"uv": [4, 4, 5.5, 5.5], "texture": "#0"},
				"west": {"uv": [5, 0, 6.5, 1.5], "texture": "#0"},
				"up": {"uv": [3.5, 6.5, 2, 5], "texture": "#0"},
				"down": {"uv": [1.5, 6, 0, 7.5], "texture": "#0"}
			}
		},
		{
			"from": [7.6, 8.0375, 7.15089],
			"to": [8.4, 8.8375, 8.90089],
			"rotation": {"angle": 0, "axis": "x", "origin": [7.5, 8.9375, 8.90089]},
			"faces": {
				"east": {"uv": [6, 6, 8, 7], "texture": "#0"},
				"west": {"uv": [7, 0, 9, 1], "texture": "#0"},
				"up": {"uv": [8, 3, 7, 1], "texture": "#0"},
				"down": {"uv": [3, 7, 2, 9], "texture": "#0"}
			}
		},
		{
			"from": [7.5, 7.9375, 4.90089],
			"to": [8.5, 8.9375, 7.15089],
			"rotation": {"angle": 0, "axis": "x", "origin": [7.5, 8.9375, 7.15089]},
			"faces": {
				"north": {"uv": [3, 7, 4, 8], "texture": "#0"},
				"east": {"uv": [2, 0, 4.5, 1], "texture": "#0"},
				"south": {"uv": [7, 3, 8, 4], "texture": "#0"},
				"west": {"uv": [2, 1, 4.5, 2], "texture": "#0"},
				"up": {"uv": [3, 4.5, 2, 2], "texture": "#0"},
				"down": {"uv": [4, 2, 3, 4.5], "texture": "#0"}
			}
		},
		{
			"from": [7.75, 7.1875, 5.15089],
			"to": [8.25, 7.9375, 5.90089],
			"rotation": {"angle": 0, "axis": "x", "origin": [7.25, 7.9375, 7.15089]},
			"faces": {
				"north": {"uv": [8, 3, 8.5, 4], "texture": "#0"},
				"east": {"uv": [1, 8, 2, 9], "texture": "#0"},
				"south": {"uv": [4, 8, 4.5, 9], "texture": "#0"},
				"west": {"uv": [8, 1, 9, 2], "texture": "#0"},
				"up": {"uv": [8.5, 5, 8, 4], "texture": "#0"},
				"down": {"uv": [5.5, 8, 5, 9], "texture": "#0"}
			}
		},
		{
			"from": [7.75, 7.1875, 6.15089],
			"to": [8.25, 7.9375, 6.90089],
			"rotation": {"angle": 0, "axis": "x", "origin": [7.25, 7.9375, 8.15089]},
			"faces": {
				"north": {"uv": [8, 5, 8.5, 6], "texture": "#0"},
				"east": {"uv": [8, 2, 9, 3], "texture": "#0"},
				"south": {"uv": [6, 8, 6.5, 9], "texture": "#0"},
				"west": {"uv": [3, 8, 4, 9], "texture": "#0"},
				"up": {"uv": [8.5, 7, 8, 6], "texture": "#0"},
				"down": {"uv": [7.5, 8, 7, 9], "texture": "#0"}
			}
		},
		{
			"from": [7.5, 7.9375, 8.90089],
			"to": [8.5, 8.9375, 9.90089],
			"rotation": {"angle": 0, "axis": "x", "origin": [7.5, 8.9375, 9.90089]},
			"faces": {
				"north": {"uv": [7, 4, 8, 5], "texture": "#0"},
				"east": {"uv": [7, 5, 8, 6], "texture": "#0"},
				"west": {"uv": [6, 7, 7, 8], "texture": "#0"},
				"up": {"uv": [8, 8, 7, 7], "texture": "#0"},
				"down": {"uv": [1, 8, 0, 9], "texture": "#0"}
			}
		}
	],
	"gui_light": "front",
	"display": {
		"thirdperson_righthand": {
			"rotation": [80.25, 0, 0],
			"translation": [0, 2.5, -1]
		},
		"thirdperson_lefthand": {
			"rotation": [80.25, 0, 0],
			"translation": [0, 2.5, -1]
		},
		"firstperson_righthand": {
			"rotation": [47, 0, -23],
			"translation": [-4.25, 6.25, 4.5]
		},
		"firstperson_lefthand": {
			"rotation": [47, 0, -23],
			"translation": [-4.25, 6.25, 4.5]
		},
		"ground": {
			"rotation": [45, 0, 0],
			"translation": [0, 4.75, 0],
			"scale": [1.5957, 1.5957, 1.5957]
		},
		"gui": {
			"rotation": [-90, 135, 90],
			"translation": [-0.5, -0.5, 0],
			"scale": [2.86719, 2.86719, 2.86719]
		},
		"head": {
			"rotation": [90, -45, 90],
			"scale": [2.34961, 2.34961, 2.34961]
		},
		"fixed": {
			"rotation": [90, -45, 90],
			"translation": [1, -1, -1.75],
			"scale": [3.22852, 3.22852, 3.22852]
		}
	}
}