{
	"credit": "Made with Blockbench",
	"texture_size": [64, 64],
	"textures": {
		"0": "sunblock:item/donut/donut"
	},
	"elements": [
		{
			"from": [4.09833, 0.28937, 4.62549],
			"to": [13.90167, 6.93987, 12.60609],
			"rotation": {"angle": 0, "axis": "y", "origin": [9, 0.28937, 8]},
			"faces": {
				"north": {"uv": [1.75, 6.25, 3.4375, 7.375], "texture": "#0"},
				"east": {"uv": [1.75, 5, 3.125, 6.125], "texture": "#0"},
				"south": {"uv": [0, 6.5, 1.6875, 7.625], "texture": "#0"},
				"west": {"uv": [8.25, 0, 9.625, 1.125], "texture": "#0"},
				"up": {"uv": [1.6875, 1.375, 0, 0], "texture": "#0"},
				"down": {"uv": [1.6875, 1.5, 0, 2.875], "texture": "#0"}
			}
		},
		{
			"from": [-2.35345, 2.96178, 4.68706],
			"to": [7.44988, 9.61229, 12.54451],
			"rotation": {"angle": -45, "axis": "z", "origin": [2.54821, 5.67125, 8]},
			"faces": {
				"north": {"uv": [6.5, 0, 8.1875, 1.125], "texture": "#0"},
				"east": {"uv": [1.5, 9.25, 2.8125, 10.375], "texture": "#0"},
				"south": {"uv": [6.75, 1.25, 8.4375, 2.375], "texture": "#0"},
				"west": {"uv": [3, 9.25, 4.3125, 10.375], "texture": "#0"},
				"up": {"uv": [3.1875, 4.8125, 1.5, 3.5], "texture": "#0"},
				"down": {"uv": [6.4375, 0, 4.75, 1.3125], "texture": "#0"}
			}
		},
		{
			"from": [10.55012, 2.96178, 4.68706],
			"to": [20.35345, 9.61229, 12.54451],
			"rotation": {"angle": 45, "axis": "z", "origin": [15.45179, 5.67125, 8]},
			"faces": {
				"north": {"uv": [6.75, 2.5, 8.4375, 3.625], "texture": "#0"},
				"east": {"uv": [9.25, 8.75, 10.5625, 9.875], "texture": "#0"},
				"south": {"uv": [6.75, 3.75, 8.4375, 4.875], "texture": "#0"},
				"west": {"uv": [9.75, 0, 11.0625, 1.125], "texture": "#0"},
				"up": {"uv": [4.9375, 6.0625, 3.25, 4.75], "texture": "#0"},
				"down": {"uv": [1.6875, 5, 0, 6.3125], "texture": "#0"}
			}
		},
		{
			"from": [-2.83367, 7.22137, 4.62549],
			"to": [3.81683, 17.0247, 12.60609],
			"rotation": {"angle": 0, "axis": "y", "origin": [-0.12421, 12.12304, 8]},
			"faces": {
				"north": {"uv": [3.5, 6.25, 4.625, 7.9375], "texture": "#0"},
				"east": {"uv": [1.75, 0, 3.125, 1.6875], "texture": "#0"},
				"south": {"uv": [6.75, 5, 7.875, 6.6875], "texture": "#0"},
				"west": {"uv": [1.75, 1.75, 3.125, 3.4375], "texture": "#0"},
				"up": {"uv": [9.625, 2.625, 8.5, 1.25], "texture": "#0"},
				"down": {"uv": [9.625, 2.75, 8.5, 4.125], "texture": "#0"}
			}
		},
		{
			"from": [14.18317, 7.22137, 4.62549],
			"to": [20.83367, 17.0247, 12.60609],
			"rotation": {"angle": 0, "axis": "y", "origin": [18.12421, 12.12304, 8]},
			"faces": {
				"north": {"uv": [6.75, 6.75, 7.875, 8.4375], "texture": "#0"},
				"east": {"uv": [0, 3, 1.375, 4.6875], "texture": "#0"},
				"south": {"uv": [1.75, 7.5, 2.875, 9.1875], "texture": "#0"},
				"west": {"uv": [3.25, 0, 4.625, 1.6875], "texture": "#0"},
				"up": {"uv": [7.625, 9.875, 6.5, 8.5], "texture": "#0"},
				"down": {"uv": [5.875, 8.75, 4.75, 10.125], "texture": "#0"}
			}
		},
		{
			"from": [10.55012, 14.36636, 4.68706],
			"to": [20.35345, 21.01686, 12.54451],
			"rotation": {"angle": -45, "axis": "z", "origin": [15.45179, 18.3074, 8]},
			"faces": {
				"north": {"uv": [4.75, 7.5, 6.4375, 8.625], "texture": "#0"},
				"east": {"uv": [9.75, 1.25, 11.0625, 2.375], "texture": "#0"},
				"south": {"uv": [0, 7.75, 1.6875, 8.875], "texture": "#0"},
				"west": {"uv": [9.75, 2.5, 11.0625, 3.625], "texture": "#0"},
				"up": {"uv": [6.6875, 2.8125, 5, 1.5], "texture": "#0"},
				"down": {"uv": [6.6875, 3, 5, 4.3125], "texture": "#0"}
			}
		},
		{
			"from": [-2.35345, 14.36636, 4.68706],
			"to": [7.44988, 21.01686, 12.54451],
			"rotation": {"angle": 45, "axis": "z", "origin": [2.54821, 18.3074, 8]},
			"faces": {
				"north": {"uv": [3, 8, 4.6875, 9.125], "texture": "#0"},
				"east": {"uv": [9.75, 3.75, 11.0625, 4.875], "texture": "#0"},
				"south": {"uv": [8, 5, 9.6875, 6.125], "texture": "#0"},
				"west": {"uv": [9.75, 5, 11.0625, 6.125], "texture": "#0"},
				"up": {"uv": [6.6875, 5.8125, 5, 4.5], "texture": "#0"},
				"down": {"uv": [6.6875, 6, 5, 7.3125], "texture": "#0"}
			}
		},
		{
			"from": [4.09833, 17.03878, 4.62549],
			"to": [13.90167, 23.68928, 12.60609],
			"rotation": {"angle": 0, "axis": "y", "origin": [9, 23.68928, 8]},
			"faces": {
				"north": {"uv": [8, 6.25, 9.6875, 7.375], "texture": "#0"},
				"east": {"uv": [7.75, 8.75, 9.125, 9.875], "texture": "#0"},
				"south": {"uv": [8, 7.5, 9.6875, 8.625], "texture": "#0"},
				"west": {"uv": [1.64516, 8.80645, 3.02016, 9.93145], "texture": "#0"},
				"up": {"uv": [4.9375, 3.125, 3.25, 1.75], "texture": "#0"},
				"down": {"uv": [4.9375, 3.25, 3.25, 4.625], "texture": "#0"}
			}
		}
	],
	"gui_light": "front",
	"display": {
		"thirdperson_righthand": {
			"scale": [0.3, 0.3, 0.3]
		},
		"thirdperson_lefthand": {
			"scale": [0.3, 0.3, 0.3]
		},
		"firstperson_righthand": {
			"rotation": [17, 117, -117],
			"translation": [4.25, 0, 0],
			"scale": [0.3, 0.3, 0.3]
		},
		"firstperson_lefthand": {
			"rotation": [17, 117, -117],
			"translation": [4.25, 0, 0],
			"scale": [0.3, 0.3, 0.3]
		},
		"ground": {
			"translation": [0, 8.75, 0],
			"scale": [1.6, 1.6, 1.6]
		},
		"gui": {
			"rotation": [0, -160, 0],
			"translation": [0.5, -2.25, 0],
			"scale": [0.5, 0.5, 0.5]
		},
		"fixed": {
			"translation": [0, -2.75, 0]
		}
	},
	"groups": [
		{
			"name": "bone",
			"origin": [0, 11.96, 0],
			"color": 0,
			"children": []
		},
		0,
		1,
		2,
		3,
		4,
		5,
		6,
		7
	]
}