{
	"credit": "Made with Blockbench",
	"ambientocclusion": false,
	"texture_size": [32, 32],
	"textures": {
		"0": "sunblock:item/summer/flamingofloaty",
		"particle": "sunblock:item/summer/flamingofloaty"
	},
	"elements": [
		{
			"from": [5.9, 8.5, 1.8],
			"to": [9.94, 12.57, 5.84],
			"rotation": {"angle": 0, "axis": "y", "origin": [2.24, 2.24, 2.24]},
			"faces": {
				"north": {"uv": [6, 1, 8, 3], "texture": "#0"},
				"east": {"uv": [6, 3, 8, 5], "texture": "#0"},
				"south": {"uv": [6, 5, 8, 7], "texture": "#0"},
				"west": {"uv": [0, 7, 2, 9], "texture": "#0"},
				"up": {"uv": [4, 9, 2, 7], "texture": "#0"},
				"down": {"uv": [6, 7, 4, 9], "texture": "#0"}
			}
		},
		{
			"from": [1.8, 2.24, 3.68],
			"to": [14.04, 4.4, 5.84],
			"rotation": {"angle": 0, "axis": "y", "origin": [2.24, 2.24, 2.24]},
			"faces": {
				"north": {"uv": [0, 0, 6, 1], "texture": "#0"},
				"east": {"uv": [10, 2, 11, 3], "texture": "#0"},
				"south": {"uv": [0, 1, 6, 2], "texture": "#0"},
				"west": {"uv": [10, 3, 11, 4], "texture": "#0"},
				"up": {"uv": [6, 3, 0, 2], "texture": "#0"},
				"down": {"uv": [6, 3, 0, 4], "texture": "#0"}
			}
		},
		{
			"from": [6.8, 4.39, 3.68],
			"to": [9.04, 8.49, 5.84],
			"rotation": {"angle": 0, "axis": "y", "origin": [2.24, 2.24, 2.24]},
			"faces": {
				"north": {"uv": [0, 9, 1, 11], "texture": "#0"},
				"east": {"uv": [1, 9, 2, 11], "texture": "#0"},
				"south": {"uv": [2, 9, 3, 11], "texture": "#0"},
				"west": {"uv": [9, 2, 10, 4], "texture": "#0"},
				"up": {"uv": [11, 9, 10, 8], "texture": "#0"},
				"down": {"uv": [11, 9, 10, 10], "texture": "#0"}
			}
		},
		{
			"from": [7.3, 9.25, 0.3],
			"to": [8.55, 10.25, 0.8],
			"faces": {
				"north": {"uv": [7.5, 11, 8.5, 11.5], "texture": "#0"},
				"east": {"uv": [0.5, 12, 1, 12.5], "texture": "#0"},
				"south": {"uv": [11, 8, 12, 8.5], "texture": "#0"},
				"west": {"uv": [1, 12, 1.5, 12.5], "texture": "#0"},
				"up": {"uv": [10, 12, 9, 11.5], "texture": "#0"},
				"down": {"uv": [11, 11.5, 10, 12], "texture": "#0"}
			}
		},
		{
			"from": [7.3, 9.75, 0.8],
			"to": [8.55, 10.75, 1.8],
			"faces": {
				"north": {"uv": [11, 8.5, 12, 9], "texture": "#0"},
				"east": {"uv": [8.5, 11, 9, 11.5], "texture": "#0"},
				"south": {"uv": [11, 9, 12, 9.5], "texture": "#0"},
				"west": {"uv": [11, 11, 11.5, 11.5], "texture": "#0"},
				"up": {"uv": [12, 10, 11, 9.5], "texture": "#0"},
				"down": {"uv": [11, 11, 10, 11.5], "texture": "#0"}
			}
		},
		{
			"from": [7.56, 12.47, 2.52],
			"to": [8.28, 13.19, 3.96],
			"rotation": {"angle": 0, "axis": "y", "origin": [2.24, 2.24, 2.24]},
			"faces": {
				"north": {"uv": [12, 1, 12.5, 1.5], "texture": "#0"},
				"east": {"uv": [11, 11.5, 12, 12], "texture": "#0"},
				"south": {"uv": [1.5, 12, 2, 12.5], "texture": "#0"},
				"west": {"uv": [11.5, 11, 12.5, 11.5], "texture": "#0"},
				"up": {"uv": [0.5, 13, 0, 12], "texture": "#0"},
				"down": {"uv": [12.5, 0, 12, 1], "texture": "#0"}
			}
		},
		{
			"from": [7.56, 13.19, 2.52],
			"to": [8.28, 13.91, 3.24],
			"rotation": {"angle": 0, "axis": "y", "origin": [2.24, 2.24, 2.24]},
			"faces": {
				"north": {"uv": [12, 1.5, 12.5, 2], "texture": "#0"},
				"east": {"uv": [2, 12, 2.5, 12.5], "texture": "#0"},
				"south": {"uv": [2.5, 12, 3, 12.5], "texture": "#0"},
				"west": {"uv": [3, 12, 3.5, 12.5], "texture": "#0"},
				"up": {"uv": [4, 12.5, 3.5, 12], "texture": "#0"},
				"down": {"uv": [4.5, 12, 4, 12.5], "texture": "#0"}
			}
		},
		{
			"from": [6.84, 4.4, 12.32],
			"to": [9, 5.12, 15.2],
			"rotation": {"angle": 0, "axis": "y", "origin": [2.24, 2.24, 2.24]},
			"faces": {
				"north": {"uv": [3, 11.5, 4, 12], "texture": "#0"},
				"east": {"uv": [11, 10, 12.5, 10.5], "texture": "#0"},
				"south": {"uv": [4, 11.5, 5, 12], "texture": "#0"},
				"west": {"uv": [11, 10.5, 12.5, 11], "texture": "#0"},
				"up": {"uv": [4, 10.5, 3, 9], "texture": "#0"},
				"down": {"uv": [5, 9, 4, 10.5], "texture": "#0"}
			}
		},
		{
			"from": [6.84, 3.68, 13.76],
			"to": [9, 4.4, 15.92],
			"rotation": {"angle": 0, "axis": "y", "origin": [2.24, 2.24, 2.24]},
			"faces": {
				"north": {"uv": [11.5, 4, 12.5, 4.5], "texture": "#0"},
				"east": {"uv": [11.5, 4.5, 12.5, 5], "texture": "#0"},
				"south": {"uv": [5, 11.5, 6, 12], "texture": "#0"},
				"west": {"uv": [11.5, 5, 12.5, 5.5], "texture": "#0"},
				"up": {"uv": [11, 11, 10, 10], "texture": "#0"},
				"down": {"uv": [4, 10.5, 3, 11.5], "texture": "#0"}
			}
		},
		{
			"from": [1.8, 2.24, 11.6],
			"to": [14.04, 4.4, 13.76],
			"rotation": {"angle": 0, "axis": "y", "origin": [2.24, 2.24, 2.24]},
			"faces": {
				"north": {"uv": [0, 4, 6, 5], "texture": "#0"},
				"east": {"uv": [4, 10.5, 5, 11.5], "texture": "#0"},
				"south": {"uv": [0, 5, 6, 6], "texture": "#0"},
				"west": {"uv": [9, 10.5, 10, 11.5], "texture": "#0"},
				"up": {"uv": [6, 7, 0, 6], "texture": "#0"},
				"down": {"uv": [12, 0, 6, 1], "texture": "#0"}
			}
		},
		{
			"from": [11.88, 2.24, 5.84],
			"to": [14.04, 4.4, 11.6],
			"rotation": {"angle": 0, "axis": "y", "origin": [2.24, 2.24, 2.24]},
			"faces": {
				"north": {"uv": [0, 11, 1, 12], "texture": "#0"},
				"east": {"uv": [6, 7, 9, 8], "texture": "#0"},
				"south": {"uv": [1, 11, 2, 12], "texture": "#0"},
				"west": {"uv": [8, 1, 11, 2], "texture": "#0"},
				"up": {"uv": [9, 5, 8, 2], "texture": "#0"},
				"down": {"uv": [7, 8, 6, 11], "texture": "#0"}
			}
		},
		{
			"from": [1.8, 2.24, 5.84],
			"to": [3.96, 4.4, 11.6],
			"rotation": {"angle": 0, "axis": "y", "origin": [2.24, 2.24, 2.24]},
			"faces": {
				"north": {"uv": [11, 1, 12, 2], "texture": "#0"},
				"east": {"uv": [8, 5, 11, 6], "texture": "#0"},
				"south": {"uv": [2, 11, 3, 12], "texture": "#0"},
				"west": {"uv": [8, 6, 11, 7], "texture": "#0"},
				"up": {"uv": [8, 11, 7, 8], "texture": "#0"},
				"down": {"uv": [9, 8, 8, 11], "texture": "#0"}
			}
		},
		{
			"from": [1.05, 2.4, 5],
			"to": [1.8, 3.4, 10],
			"faces": {
				"north": {"uv": [11.5, 5.5, 12, 6], "texture": "#0"},
				"east": {"uv": [9, 4, 11.5, 4.5], "texture": "#0"},
				"south": {"uv": [11.5, 6, 12, 6.5], "texture": "#0"},
				"west": {"uv": [9, 4.5, 11.5, 5], "texture": "#0"},
				"up": {"uv": [5.5, 11.5, 5, 9], "texture": "#0"},
				"down": {"uv": [6, 9, 5.5, 11.5], "texture": "#0"}
			}
		},
		{
			"from": [1.05, 3.4, 5],
			"to": [1.8, 4.4, 9],
			"faces": {
				"north": {"uv": [11.5, 6.5, 12, 7], "texture": "#0"},
				"east": {"uv": [11, 2, 13, 2.5], "texture": "#0"},
				"south": {"uv": [11.5, 7, 12, 7.5], "texture": "#0"},
				"west": {"uv": [11, 2.5, 13, 3], "texture": "#0"},
				"up": {"uv": [11.5, 7, 11, 5], "texture": "#0"},
				"down": {"uv": [6.5, 11, 6, 13], "texture": "#0"}
			}
		},
		{
			"from": [14.05, 2.4, 5],
			"to": [14.8, 3.4, 10],
			"faces": {
				"north": {"uv": [7.5, 11.5, 8, 12], "texture": "#0"},
				"east": {"uv": [9, 7, 11.5, 7.5], "texture": "#0"},
				"south": {"uv": [11.5, 7.5, 12, 8], "texture": "#0"},
				"west": {"uv": [9, 7.5, 11.5, 8], "texture": "#0"},
				"up": {"uv": [9.5, 10.5, 9, 8], "texture": "#0"},
				"down": {"uv": [10, 8, 9.5, 10.5], "texture": "#0"}
			}
		},
		{
			"from": [14.05, 3.4, 5],
			"to": [14.8, 4.4, 9],
			"faces": {
				"north": {"uv": [8, 11.5, 8.5, 12], "texture": "#0"},
				"east": {"uv": [11, 3, 13, 3.5], "texture": "#0"},
				"south": {"uv": [8.5, 11.5, 9, 12], "texture": "#0"},
				"west": {"uv": [11, 3.5, 13, 4], "texture": "#0"},
				"up": {"uv": [7, 13, 6.5, 11], "texture": "#0"},
				"down": {"uv": [7.5, 11, 7, 13], "texture": "#0"}
			}
		}
	],
	"display": {
		"thirdperson_righthand": {
			"rotation": [73, 0, 0],
			"translation": [-5.75, -3, 4.75]
		},
		"thirdperson_lefthand": {
			"rotation": [73, 0, 0],
			"translation": [-6, -3, 4.75]
		},
		"firstperson_righthand": {
			"rotation": [5, 0, 0],
			"translation": [3.25, 4, 0]
		},
		"firstperson_lefthand": {
			"rotation": [5, 0, 0],
			"translation": [3.25, 4, 0]
		},
		"ground": {
			"scale": [0.5, 0.5, 0.5]
		},
		"gui": {
			"rotation": [18, 139, 0],
			"translation": [0, 2.25, 0],
			"scale": [0.8, 0.8, 0.8]
		},
		"head": {
			"translation": [0, 12, 0]
		}
	},
	"groups": [
		{
			"name": "flamingofloatie",
			"origin": [8, 8, 8],
			"color": 0,
			"children": [0, 1, 2, 3, 4, 5, 6, 7, 8, 9, 10, 11, 12, 13, 14, 15]
		}
	]
}