{
	"credit": "Made with Blockbench",
	"ambientocclusion": false,
	"texture_size": [32, 32],
	"textures": {
		"0": "sunblock:item/summer/goggles",
		"particle": "sunblock:item/summer/goggles"
	},
	"elements": [
		{
			"from": [0.32424, 2.02996, -1.10396],
			"to": [5.44141, 5.44141, -0.67753],
			"rotation": {"angle": 0, "axis": "y", "origin": [1.1771, 1.1771, 1.1771]},
			"faces": {
				"north": {"uv": [0, 0, 2.5, 2], "texture": "#0"},
				"east": {"uv": [6.5, 8, 7, 10], "texture": "#0"},
				"south": {"uv": [0, 2, 2.5, 4], "texture": "#0"},
				"west": {"uv": [5, 8.5, 5.5, 10.5], "texture": "#0"},
				"up": {"uv": [10, 8.5, 7.5, 8], "texture": "#0"},
				"down": {"uv": [10.5, 7.5, 8, 8], "texture": "#0"}
			}
		},
		{
			"from": [5.44141, 2.88283, -1.10396],
			"to": [8, 5.44141, -0.67753],
			"rotation": {"angle": 0, "axis": "y", "origin": [1.1771, 1.1771, 1.1771]},
			"faces": {
				"north": {"uv": [2, 6, 3.5, 7.5], "texture": "#0"},
				"east": {"uv": [9, 4, 9.5, 5.5], "texture": "#0"},
				"south": {"uv": [3.5, 6, 5, 7.5], "texture": "#0"},
				"west": {"uv": [7.5, 9, 8, 10.5], "texture": "#0"},
				"up": {"uv": [9.5, 9.5, 8, 9], "texture": "#0"},
				"down": {"uv": [11, 4, 9.5, 4.5], "texture": "#0"}
			}
		},
		{
			"from": [8, 2.02996, -1.10396],
			"to": [13.11718, 5.44141, -0.67753],
			"rotation": {"angle": 0, "axis": "y", "origin": [1.1771, 1.1771, 1.1771]},
			"faces": {
				"north": {"uv": [2.5, 0, 5, 2], "texture": "#0"},
				"east": {"uv": [5.5, 8.5, 6, 10.5], "texture": "#0"},
				"south": {"uv": [2.5, 2, 5, 4], "texture": "#0"},
				"west": {"uv": [6, 8.5, 6.5, 10.5], "texture": "#0"},
				"up": {"uv": [11, 6, 8.5, 5.5], "texture": "#0"},
				"down": {"uv": [10, 8.5, 7.5, 9], "texture": "#0"}
			}
		},
		{
			"from": [8, 1.1771, -1.31718],
			"to": [13.11718, 2.02996, -0.46431],
			"rotation": {"angle": 0, "axis": "y", "origin": [1.1771, 1.1771, 1.1771]},
			"faces": {
				"north": {"uv": [5, 6, 7.5, 6.5], "texture": "#0"},
				"east": {"uv": [9.5, 4.5, 10, 5], "texture": "#0"},
				"south": {"uv": [6.5, 4, 9, 4.5], "texture": "#0"},
				"west": {"uv": [9.5, 5, 10, 5.5], "texture": "#0"},
				"up": {"uv": [9, 5, 6.5, 4.5], "texture": "#0"},
				"down": {"uv": [7.5, 6.5, 5, 7], "texture": "#0"}
			}
		},
		{
			"from": [0.32424, 1.1771, -1.31718],
			"to": [5.44141, 2.02996, -0.46431],
			"rotation": {"angle": 0, "axis": "y", "origin": [1.1771, 1.1771, 1.1771]},
			"faces": {
				"north": {"uv": [6.5, 5, 9, 5.5], "texture": "#0"},
				"east": {"uv": [9.5, 6, 10, 6.5], "texture": "#0"},
				"south": {"uv": [5, 7, 7.5, 7.5], "texture": "#0"},
				"west": {"uv": [9.5, 6.5, 10, 7], "texture": "#0"},
				"up": {"uv": [4.5, 8, 2, 7.5], "texture": "#0"},
				"down": {"uv": [7, 7.5, 4.5, 8], "texture": "#0"}
			}
		},
		{
			"from": [0.32424, 5.44141, -1.31718],
			"to": [13.11718, 6.29428, -0.46431],
			"rotation": {"angle": 0, "axis": "y", "origin": [1.1771, 1.1771, 1.1771]},
			"faces": {
				"north": {"uv": [0, 4, 6.5, 4.5], "texture": "#0"},
				"east": {"uv": [7, 9.5, 7.5, 10], "texture": "#0"},
				"south": {"uv": [0, 4.5, 6.5, 5], "texture": "#0"},
				"west": {"uv": [9.5, 7, 10, 7.5], "texture": "#0"},
				"up": {"uv": [6.5, 5.5, 0, 5], "texture": "#0"},
				"down": {"uv": [11.5, 0, 5, 0.5], "texture": "#0"}
			}
		},
		{
			"from": [5.44141, 2.02996, -1.31718],
			"to": [8, 2.88283, -0.46431],
			"rotation": {"angle": 0, "axis": "y", "origin": [1.1771, 1.1771, 1.1771]},
			"faces": {
				"north": {"uv": [5, 8, 6.5, 8.5], "texture": "#0"},
				"east": {"uv": [8, 9.5, 8.5, 10], "texture": "#0"},
				"south": {"uv": [8, 6, 9.5, 6.5], "texture": "#0"},
				"west": {"uv": [8.5, 9.5, 9, 10], "texture": "#0"},
				"up": {"uv": [9.5, 7, 8, 6.5], "texture": "#0"},
				"down": {"uv": [9.5, 7, 8, 7.5], "texture": "#0"}
			}
		},
		{
			"from": [13.11718, 2.02996, -1.31718],
			"to": [13.97004, 5.44141, -0.46431],
			"rotation": {"angle": 0, "axis": "y", "origin": [1.1771, 1.1771, 1.1771]},
			"faces": {
				"north": {"uv": [7.5, 6, 8, 8], "texture": "#0"},
				"east": {"uv": [7, 7.5, 7.5, 9.5], "texture": "#0"},
				"south": {"uv": [2, 8, 2.5, 10], "texture": "#0"},
				"west": {"uv": [2.5, 8, 3, 10], "texture": "#0"},
				"up": {"uv": [9.5, 10, 9, 9.5], "texture": "#0"},
				"down": {"uv": [10, 9, 9.5, 9.5], "texture": "#0"}
			}
		},
		{
			"from": [-0.52863, 2.02996, -1.31718],
			"to": [0.32424, 5.44141, -0.46431],
			"rotation": {"angle": 0, "axis": "y", "origin": [1.1771, 1.1771, 1.1771]},
			"faces": {
				"north": {"uv": [3, 8, 3.5, 10], "texture": "#0"},
				"east": {"uv": [3.5, 8, 4, 10], "texture": "#0"},
				"south": {"uv": [4, 8, 4.5, 10], "texture": "#0"},
				"west": {"uv": [4.5, 8, 5, 10], "texture": "#0"},
				"up": {"uv": [10, 10, 9.5, 9.5], "texture": "#0"},
				"down": {"uv": [2.5, 10, 2, 10.5], "texture": "#0"}
			}
		},
		{
			"from": [13.11718, 3.73569, -0.46431],
			"to": [13.97004, 4.58855, 12.46267],
			"rotation": {"angle": 0, "axis": "y", "origin": [1.1771, 1.1771, 1.1771]},
			"faces": {
				"north": {"uv": [2.5, 10, 3, 10.5], "texture": "#0"},
				"east": {"uv": [5, 1.5, 11.5, 2], "texture": "#0"},
				"south": {"uv": [3, 10, 3.5, 10.5], "texture": "#0"},
				"west": {"uv": [5, 2, 11.5, 2.5], "texture": "#0"},
				"up": {"uv": [1.5, 12, 1, 5.5], "texture": "#0"},
				"down": {"uv": [2, 5.5, 1.5, 12], "texture": "#0"}
			}
		},
		{
			"from": [-0.52863, 3.73569, -0.46431],
			"to": [0.32424, 4.58855, 12.46267],
			"rotation": {"angle": 0, "axis": "y", "origin": [1.1771, 1.1771, 1.1771]},
			"faces": {
				"north": {"uv": [3.5, 10, 4, 10.5], "texture": "#0"},
				"east": {"uv": [5, 1.5, 11.5, 2], "texture": "#0"},
				"south": {"uv": [4, 10, 4.5, 10.5], "texture": "#0"},
				"west": {"uv": [5, 2, 11.5, 2.5], "texture": "#0"},
				"up": {"uv": [1.5, 12, 1, 5.5], "texture": "#0"},
				"down": {"uv": [2, 5.5, 1.5, 12], "texture": "#0"}
			}
		},
		{
			"from": [0.36913, 3.73569, 12.45],
			"to": [13.11718, 4.58855, 13.30286],
			"rotation": {"angle": 0, "axis": "y", "origin": [1.1771, 1.1771, 1.1771]},
			"faces": {
				"north": {"uv": [5, 1.5, 11.5, 2], "texture": "#0"},
				"east": {"uv": [4.5, 10, 5, 10.5], "texture": "#0"},
				"south": {"uv": [5, 1.5, 11.5, 2], "texture": "#0"},
				"west": {"uv": [10, 4.5, 10.5, 5], "texture": "#0"},
				"up": {"uv": [11.5, 2.5, 5, 2], "texture": "#0"},
				"down": {"uv": [11.5, 2, 5, 2.5], "texture": "#0"}
			}
		}
	],
	"display": {
		"thirdperson_righthand": {
			"rotation": [-20, 0, 0],
			"translation": [0.5, -1.5, -1.5],
			"scale": [0.4, 0.4, 0.4]
		},
		"thirdperson_lefthand": {
			"rotation": [-20, 0, 0],
			"translation": [0.5, -1.5, -1.5],
			"scale": [0.4, 0.4, 0.4]
		},
		"firstperson_righthand": {
			"rotation": [9, 10, 0],
			"translation": [12.25, 0, 0]
		},
		"firstperson_lefthand": {
			"rotation": [9, 10, 0],
			"translation": [12.25, 0, 0]
		},
		"ground": {
			"scale": [0.5, 0.5, 0.5]
		},
		"gui": {
			"rotation": [19, 115, 0],
			"translation": [1.25, 2.5, 0],
			"scale": [0.7, 0.7, 0.7]
		},
		"head": {
			"translation": [1.25, 3.75, 2]
		},
		"fixed": {
			"translation": [0, 8.5, 6.25]
		}
	},
	"groups": [
		{
			"name": "goggles",
			"origin": [8, 8, 8],
			"color": 0,
			"children": [0, 1, 2, 3, 4, 5, 6, 7, 8, 9, 10, 11]
		}
	]
}