{
	"credit": "Made with Blockbench",
	"texture_size": [128, 128],
	"textures": {
		"1": "sunblock:item/summer/summerumbrella"
	},
	"elements": [
		{
			"from": [7.73, -0.7, 7.73],
			"to": [8.27, 22.52, 8.27],
			"rotation": {"angle": 0, "axis": "y", "origin": [0, 0.92, 0]},
			"faces": {
				"north": {"uv": [6, 6, 6.125, 11.375], "texture": "#1"},
				"east": {"uv": [6.125, 6, 6.25, 11.375], "texture": "#1"},
				"south": {"uv": [6.25, 6, 6.375, 11.375], "texture": "#1"},
				"west": {"uv": [6.375, 6, 6.5, 11.375], "texture": "#1"},
				"up": {"uv": [0.875, 7.125, 0.75, 7], "texture": "#1"},
				"down": {"uv": [7.125, 0.75, 7, 0.875], "texture": "#1"}
			}
		},
		{
			"from": [6.65, 6.86, 6.65],
			"to": [9.35, 21.98, 9.35],
			"rotation": {"angle": 0, "axis": "y", "origin": [-0.27, 0.92, -0.135]},
			"faces": {
				"north": {"uv": [3.5, 6, 4.125, 9.5], "texture": "#1"},
				"east": {"uv": [4.125, 6, 4.75, 9.5], "texture": "#1"},
				"south": {"uv": [4.75, 6, 5.375, 9.5], "texture": "#1"},
				"west": {"uv": [5.375, 6, 6, 9.5], "texture": "#1"},
				"up": {"uv": [7.125, 6.625, 6.5, 6], "texture": "#1"},
				"down": {"uv": [7.125, 6.625, 6.5, 7.25], "texture": "#1"}
			}
		},
		{
			"from": [7.19, 6.32, 7.19],
			"to": [8.81, 6.86, 8.81],
			"rotation": {"angle": 0, "axis": "y", "origin": [-0.27, 0.92, -0.135]},
			"faces": {
				"north": {"uv": [0.375, 7, 0.75, 7.125], "texture": "#1"},
				"east": {"uv": [7, 0.375, 7.375, 0.5], "texture": "#1"},
				"south": {"uv": [7, 0.5, 7.375, 0.625], "texture": "#1"},
				"west": {"uv": [7, 0.625, 7.375, 0.75], "texture": "#1"},
				"up": {"uv": [0.375, 7.375, 0, 7], "texture": "#1"},
				"down": {"uv": [7.375, 0, 7, 0.375], "texture": "#1"}
			}
		}
	],
	"display": {
		"thirdperson_righthand": {
			"translation": [0, 2.5, 0]
		},
		"thirdperson_lefthand": {
			"translation": [0, 3, 0]
		},
		"firstperson_righthand": {
			"rotation": [9, 0, 0],
			"translation": [2.5, 2.75, 0],
			"scale": [0.5, 0.5, 0.5]
		},
		"firstperson_lefthand": {
			"rotation": [7, 0, 0],
			"translation": [2.5, 2.75, 0],
			"scale": [0.5, 0.5, 0.5]
		},
		"ground": {
			"rotation": [76, 0, 0],
			"scale": [0.5, 0.5, 0.5]
		},
		"gui": {
			"rotation": [28, 15, 41],
			"translation": [1.5, -1.25, 0],
			"scale": [0.7, 0.7, 0.7]
		},
		"head": {
			"translation": [0, 13, 0]
		},
		"fixed": {
			"rotation": [0, 0, 41],
			"translation": [1.5, -1.25, -2]
		}
	},
	"groups": [
		{
			"name": "summerumbrella",
			"origin": [0, 2, 0],
			"color": 0,
			"children": [
				0,
				{
					"name": "umbrellaclosed",
					"origin": [-0.27, 0, -0.135],
					"color": 0,
					"children": [1, 2]
				}
			]
		}
	]
}