{
  "parent": "minecraft:item/generated",
  "textures": {
    "layer0": "item/wheat"
  },
  "overrides": [
        { "predicate": { "custom_model_data": 1 }, "model": "sunblock:item/summer/beachchairblueitem" },
        { "predicate": { "custom_model_data": 2 }, "model": "sunblock:item/summer/beachchairorangeitem" },
        { "predicate": { "custom_model_data": 3 }, "model": "sunblock:item/summer/beachchairpurpleitem" },
        { "predicate": { "custom_model_data": 4 }, "model": "sunblock:item/summer/bluesurfboard" },
        { "predicate": { "custom_model_data": 5 }, "model": "sunblock:item/summer/duckyfloaty" },
        { "predicate": { "custom_model_data": 6 }, "model": "sunblock:item/summer/flamingofloaty" },
        { "predicate": { "custom_model_data": 7 }, "model": "sunblock:item/summer/goggles" },
        { "predicate": { "custom_model_data": 8 }, "model": "sunblock:item/summer/pinksurfboard" },
        { "predicate": { "custom_model_data": 9 }, "model": "sunblock:item/summer/radio" },
        { "predicate": { "custom_model_data": 10 }, "model": "sunblock:item/summer/sandbucket" },
        { "predicate": { "custom_model_data": 11 }, "model": "sunblock:item/summer/summerumbrella" },
        { "predicate": { "custom_model_data": 12 }, "model": "sunblock:item/summer/sunglasses" }
  ]
}