{
    "parent": "item/generated",
    "textures": {
        "layer0": "item/brick"
    },
    "overrides": [
        { "predicate": {  "custom_model_data":  1  }, "model": "sunblock:item/donut/donut_pink" },
        { "predicate": {  "custom_model_data":  2  }, "model": "sunblock:item/misc/sblogo" },
        { "predicate": {  "custom_model_data":  3  }, "model": "sunblock:item/misc/donutlogo" },
        { "predicate": {  "custom_model_data":  4  }, "model": "sunblock:item/misc/grlogo" }                                       
    ]
}
