{
	"credit": "Made with Blockbench",
	"texture_size": [64, 64],
	"textures": {
		"0": "sunblock:item/summer/beachchairblue"
	},
	"elements": [
		{
			"from": [6.80088, -0.04312, 15.85288],
			"to": [11.19912, 0.39512, 17.61112],
			"rotation": {"angle": -45, "axis": "x", "origin": [9, 0, 10]},
			"faces": {
				"north": {"uv": [9.5, 1.5, 12, 1.75], "texture": "#0"},
				"east": {"uv": [9.5, 2, 10.5, 2.25], "texture": "#0"},
				"south": {"uv": [9.5, 1.75, 12, 2], "texture": "#0"},
				"west": {"uv": [9.5, 2.25, 10.5, 2.5], "texture": "#0"},
				"up": {"uv": [2.5, 7.5, 0, 6.5], "texture": "#0"},
				"down": {"uv": [5, 6.5, 2.5, 7.5], "texture": "#0"}
			}
		},
		{
			"from": [6.36, 1.32, 6.92],
			"to": [11.64, 2.2, 12.64],
			"rotation": {"angle": 0, "axis": "y", "origin": [9, 0, 10]},
			"faces": {
				"north": {"uv": [0, 8.5, 3, 9], "texture": "#0"},
				"east": {"uv": [7, 6.5, 10.25, 7], "texture": "#0"},
				"south": {"uv": [7, 8.5, 10, 9], "texture": "#0"},
				"west": {"uv": [7, 7, 10.25, 7.5], "texture": "#0"},
				"up": {"uv": [3, 3.25, 0, 0], "texture": "#0"},
				"down": {"uv": [6, 0, 3, 3.25], "texture": "#0"}
			}
		},
		{
			"from": [6.36088, 2.31088, 2.30088],
			"to": [11.63912, 3.18912, 8.01912],
			"rotation": {"angle": -22.5, "axis": "x", "origin": [9, 0, 10]},
			"faces": {
				"north": {"uv": [0, 9, 3, 9.5], "texture": "#0"},
				"east": {"uv": [0, 7.5, 3.25, 8], "texture": "#0"},
				"south": {"uv": [9, 0, 12, 0.5], "texture": "#0"},
				"west": {"uv": [7, 7.5, 10.25, 8], "texture": "#0"},
				"up": {"uv": [3, 6.5, 0, 3.25], "texture": "#0"},
				"down": {"uv": [6, 3.25, 3, 6.5], "texture": "#0"}
			}
		},
		{
			"from": [6.36088, -0.92312, 12.77288],
			"to": [11.63912, -0.04488, 18.49112],
			"rotation": {"angle": -45, "axis": "x", "origin": [9, 0, 10]},
			"faces": {
				"north": {"uv": [9, 0.5, 12, 1], "texture": "#0"},
				"east": {"uv": [0, 8, 3.25, 8.5], "texture": "#0"},
				"south": {"uv": [9, 1, 12, 1.5], "texture": "#0"},
				"west": {"uv": [7, 8, 10.25, 8.5], "texture": "#0"},
				"up": {"uv": [9, 3.25, 6, 0], "texture": "#0"},
				"down": {"uv": [9, 3.25, 6, 6.5], "texture": "#0"}
			}
		},
		{
			"from": [5.48, 3.08, 6.48],
			"to": [6.36, 3.52, 13.96],
			"rotation": {"angle": 0, "axis": "y", "origin": [9, 0, 10]},
			"faces": {
				"north": {"uv": [2.5, 9.5, 3, 9.75], "texture": "#0"},
				"east": {"uv": [9, 3.75, 13.25, 4], "texture": "#0"},
				"south": {"uv": [9.5, 2.5, 10, 2.75], "texture": "#0"},
				"west": {"uv": [9, 4, 13.25, 4.25], "texture": "#0"},
				"up": {"uv": [5.5, 10.75, 5, 6.5], "texture": "#0"},
				"down": {"uv": [6, 6.5, 5.5, 10.75], "texture": "#0"}
			}
		},
		{
			"from": [11.64088, -1.64912, 13.52088],
			"to": [12.51912, 1.97912, 13.95912],
			"rotation": {"angle": -22.5, "axis": "x", "origin": [15.16, 0, 10]},
			"faces": {
				"north": {"uv": [9, 4.25, 9.5, 6.5], "texture": "#0"},
				"east": {"uv": [1.5, 9.5, 1.75, 11.75], "texture": "#0"},
				"south": {"uv": [7, 9, 7.5, 11.25], "texture": "#0"},
				"west": {"uv": [1.75, 9.5, 2, 11.75], "texture": "#0"},
				"up": {"uv": [10, 3, 9.5, 2.75], "texture": "#0"},
				"down": {"uv": [10, 3, 9.5, 3.25], "texture": "#0"}
			}
		},
		{
			"from": [11.64, 3.08, 6.48],
			"to": [12.52, 3.52, 13.96],
			"rotation": {"angle": 0, "axis": "y", "origin": [15.16, 0, 10]},
			"faces": {
				"north": {"uv": [9.5, 4.25, 10, 4.5], "texture": "#0"},
				"east": {"uv": [7.5, 9, 11.75, 9.25], "texture": "#0"},
				"south": {"uv": [9.5, 4.5, 10, 4.75], "texture": "#0"},
				"west": {"uv": [7.5, 9.25, 11.75, 9.5], "texture": "#0"},
				"up": {"uv": [6.5, 10.75, 6, 6.5], "texture": "#0"},
				"down": {"uv": [7, 6.5, 6.5, 10.75], "texture": "#0"}
			}
		},
		{
			"from": [11.64088, -1.20912, 7.36088],
			"to": [12.51912, 2.63912, 7.79912],
			"rotation": {"angle": 22.5, "axis": "x", "origin": [15.16, 0, 10]},
			"faces": {
				"north": {"uv": [3.25, 7.5, 3.75, 9.75], "texture": "#0"},
				"east": {"uv": [4.75, 7.5, 5, 9.75], "texture": "#0"},
				"south": {"uv": [3.75, 7.5, 4.25, 9.75], "texture": "#0"},
				"west": {"uv": [3, 8.5, 3.25, 10.75], "texture": "#0"},
				"up": {"uv": [10, 3.5, 9.5, 3.25], "texture": "#0"},
				"down": {"uv": [10, 3.5, 9.5, 3.75], "texture": "#0"}
			}
		},
		{
			"from": [5.48088, -1.20912, 7.36088],
			"to": [6.35912, 2.63912, 7.79912],
			"rotation": {"angle": 22.5, "axis": "x", "origin": [9, 0, 10]},
			"faces": {
				"north": {"uv": [4.25, 7.5, 4.75, 9.75], "texture": "#0"},
				"east": {"uv": [1, 9.5, 1.25, 11.75], "texture": "#0"},
				"south": {"uv": [9, 1.5, 9.5, 3.75], "texture": "#0"},
				"west": {"uv": [1.25, 9.5, 1.5, 11.75], "texture": "#0"},
				"up": {"uv": [10, 5, 9.5, 4.75], "texture": "#0"},
				"down": {"uv": [10, 5, 9.5, 5.25], "texture": "#0"}
			}
		},
		{
			"from": [5.48088, -1.64912, 13.52088],
			"to": [6.35912, 1.97912, 13.95912],
			"rotation": {"angle": -22.5, "axis": "x", "origin": [9, 0, 10]},
			"faces": {
				"north": {"uv": [0, 9.5, 0.5, 11.75], "texture": "#0"},
				"east": {"uv": [2, 9.5, 2.25, 11.75], "texture": "#0"},
				"south": {"uv": [0.5, 9.5, 1, 11.75], "texture": "#0"},
				"west": {"uv": [2.25, 9.5, 2.5, 11.75], "texture": "#0"},
				"up": {"uv": [10, 5.5, 9.5, 5.25], "texture": "#0"},
				"down": {"uv": [10, 5.5, 9.5, 5.75], "texture": "#0"}
			}
		}
	],
	"display": {
		"thirdperson_righthand": {
			"translation": [-2.25, -9, 0],
			"scale": [0.5, 0.5, 0.5]
		},
		"thirdperson_lefthand": {
			"translation": [0.5, 3.5, 0],
			"scale": [0.5, 0.5, 0.5]
		},
		"firstperson_righthand": {
			"rotation": [2, 105, 0],
			"translation": [0, 7.75, 0]
		},
		"firstperson_lefthand": {
			"rotation": [2, 105, 0],
			"translation": [0, 7.75, 0]
		},
		"ground": {
			"translation": [0, 4.25, 0],
			"scale": [0.5, 0.5, 0.5]
		},
		"gui": {
			"rotation": [28, 127, 0],
			"translation": [0, 4.25, 0]
		},
		"head": {
			"translation": [0, 14.5, -2.75]
		},
		"fixed": {
			"rotation": [-90, 0, 0],
			"translation": [-2.25, -9, -30],
			"scale": [4, 4, 4]
		}
	},
	"groups": [
		{
			"name": "beachchair",
			"origin": [0, 0, 3],
			"color": 0,
			"children": [0, 1, 2, 3, 4, 5, 6, 7, 8, 9]
		},
		{
			"name": "hitbox",
			"origin": [0, 12, 0],
			"color": 0,
			"children": []
		}
	]
}