{
	"credit": "Made with Blockbench",
	"ambientocclusion": false,
	"texture_size": [32, 32],
	"textures": {
		"0": "sunblock:item/summer/duckyfloaty",
		"particle": "sunblock:item/summer/duckyfloaty"
	},
	"elements": [
		{
			"from": [0.8, 2.24, 3.68],
			"to": [13.04, 4.4, 5.84],
			"rotation": {"angle": 0, "axis": "y", "origin": [2.24, 2.24, 2.24]},
			"faces": {
				"north": {"uv": [2.5, 0, 8.5, 1], "texture": "#0"},
				"east": {"uv": [5, 10, 6, 11], "texture": "#0"},
				"south": {"uv": [2.5, 1, 8.5, 2], "texture": "#0"},
				"west": {"uv": [10, 8, 11, 9], "texture": "#0"},
				"up": {"uv": [8.5, 3, 2.5, 2], "texture": "#0"},
				"down": {"uv": [8.5, 3, 2.5, 4], "texture": "#0"}
			}
		},
		{
			"from": [4.65, 4.4, 1.8],
			"to": [9.19, 8.72, 5.84],
			"rotation": {"angle": 0, "axis": "y", "origin": [2.24, 2.24, 2.24]},
			"faces": {
				"north": {"uv": [6, 6, 8.5, 8.5], "texture": "#0"},
				"east": {"uv": [0, 7, 2.5, 9.5], "texture": "#0"},
				"south": {"uv": [2.5, 7, 5, 9.5], "texture": "#0"},
				"west": {"uv": [8.5, 0, 11, 2.5], "texture": "#0"},
				"up": {"uv": [2.5, 2.5, 0, 0], "texture": "#0"},
				"down": {"uv": [2.5, 2.5, 0, 5], "texture": "#0"}
			}
		},
		{
			"from": [5.12, 5.62, 0.36],
			"to": [8.72, 6.56, 1.8],
			"rotation": {"angle": 0, "axis": "y", "origin": [2.24, 2.24, 2.24]},
			"faces": {
				"north": {"uv": [3, 9.5, 5, 10.5], "texture": "#0"},
				"east": {"uv": [2, 11, 3, 12], "texture": "#0"},
				"south": {"uv": [7, 9.5, 9, 10.5], "texture": "#0"},
				"west": {"uv": [5, 11, 6, 12], "texture": "#0"},
				"up": {"uv": [11.5, 8, 9.5, 7], "texture": "#0"},
				"down": {"uv": [11, 9.5, 9, 10.5], "texture": "#0"}
			}
		},
		{
			"from": [6.56, 8.72, 2.52],
			"to": [7.28, 9.44, 3.96],
			"rotation": {"angle": 0, "axis": "y", "origin": [2.24, 2.24, 2.24]},
			"faces": {
				"north": {"uv": [9.5, 8, 10, 8.5], "texture": "#0"},
				"east": {"uv": [11, 10, 12, 10.5], "texture": "#0"},
				"south": {"uv": [3, 11.5, 3.5, 12], "texture": "#0"},
				"west": {"uv": [11, 10.5, 12, 11], "texture": "#0"},
				"up": {"uv": [11.5, 12, 11, 11], "texture": "#0"},
				"down": {"uv": [12, 2.5, 11.5, 3.5], "texture": "#0"}
			}
		},
		{
			"from": [6.56, 9.44, 2.52],
			"to": [7.28, 10.16, 3.24],
			"rotation": {"angle": 0, "axis": "y", "origin": [2.24, 2.24, 2.24]},
			"faces": {
				"north": {"uv": [3.5, 11.5, 4, 12], "texture": "#0"},
				"east": {"uv": [11.5, 3.5, 12, 4], "texture": "#0"},
				"south": {"uv": [4, 11.5, 4.5, 12], "texture": "#0"},
				"west": {"uv": [11.5, 4, 12, 4.5], "texture": "#0"},
				"up": {"uv": [5, 12, 4.5, 11.5], "texture": "#0"},
				"down": {"uv": [12, 4.5, 11.5, 5], "texture": "#0"}
			}
		},
		{
			"from": [5.84, 4.4, 12.32],
			"to": [8, 5.12, 15.2],
			"rotation": {"angle": 0, "axis": "y", "origin": [2.24, 2.24, 2.24]},
			"faces": {
				"north": {"uv": [10, 9, 11, 9.5], "texture": "#0"},
				"east": {"uv": [8.5, 4.5, 10, 5], "texture": "#0"},
				"south": {"uv": [11, 2, 12, 2.5], "texture": "#0"},
				"west": {"uv": [10, 4.5, 11.5, 5], "texture": "#0"},
				"up": {"uv": [9.5, 8.5, 8.5, 7], "texture": "#0"},
				"down": {"uv": [3, 9.5, 2, 11], "texture": "#0"}
			}
		},
		{
			"from": [5.84, 3.68, 13.76],
			"to": [8, 4.4, 15.92],
			"rotation": {"angle": 0, "axis": "y", "origin": [2.24, 2.24, 2.24]},
			"faces": {
				"north": {"uv": [11, 8, 12, 8.5], "texture": "#0"},
				"east": {"uv": [11, 8.5, 12, 9], "texture": "#0"},
				"south": {"uv": [11, 9, 12, 9.5], "texture": "#0"},
				"west": {"uv": [11, 9.5, 12, 10], "texture": "#0"},
				"up": {"uv": [4, 11.5, 3, 10.5], "texture": "#0"},
				"down": {"uv": [5, 10.5, 4, 11.5], "texture": "#0"}
			}
		},
		{
			"from": [0.8, 2.24, 11.6],
			"to": [13.04, 4.4, 13.76],
			"rotation": {"angle": 0, "axis": "y", "origin": [2.24, 2.24, 2.24]},
			"faces": {
				"north": {"uv": [2.5, 4, 8.5, 5], "texture": "#0"},
				"east": {"uv": [7, 10.5, 8, 11.5], "texture": "#0"},
				"south": {"uv": [0, 5, 6, 6], "texture": "#0"},
				"west": {"uv": [8, 10.5, 9, 11.5], "texture": "#0"},
				"up": {"uv": [6, 7, 0, 6], "texture": "#0"},
				"down": {"uv": [12, 5, 6, 6], "texture": "#0"}
			}
		},
		{
			"from": [10.88, 2.24, 5.84],
			"to": [13.04, 4.4, 11.6],
			"rotation": {"angle": 0, "axis": "y", "origin": [2.24, 2.24, 2.24]},
			"faces": {
				"north": {"uv": [9, 10.5, 10, 11.5], "texture": "#0"},
				"east": {"uv": [8.5, 2.5, 11.5, 3.5], "texture": "#0"},
				"south": {"uv": [10, 10.5, 11, 11.5], "texture": "#0"},
				"west": {"uv": [8.5, 3.5, 11.5, 4.5], "texture": "#0"},
				"up": {"uv": [6, 10, 5, 7], "texture": "#0"},
				"down": {"uv": [7, 8.5, 6, 11.5], "texture": "#0"}
			}
		},
		{
			"from": [0.8, 2.24, 5.84],
			"to": [2.96, 4.4, 11.6],
			"rotation": {"angle": 0, "axis": "y", "origin": [2.24, 2.24, 2.24]},
			"faces": {
				"north": {"uv": [11, 0, 12, 1], "texture": "#0"},
				"east": {"uv": [8.5, 6, 11.5, 7], "texture": "#0"},
				"south": {"uv": [11, 1, 12, 2], "texture": "#0"},
				"west": {"uv": [7, 8.5, 10, 9.5], "texture": "#0"},
				"up": {"uv": [1, 12.5, 0, 9.5], "texture": "#0"},
				"down": {"uv": [2, 9.5, 1, 12.5], "texture": "#0"}
			}
		}
	],
	"display": {
		"thirdperson_righthand": {
			"rotation": [73, 0, 0],
			"translation": [-5, -3, 4.75]
		},
		"thirdperson_lefthand": {
			"rotation": [73, 0, 0],
			"translation": [-7.25, -3, 4.75]
		},
		"firstperson_righthand": {
			"translation": [6.25, 4, 0]
		},
		"firstperson_lefthand": {
			"translation": [4.5, 3.25, 0]
		},
		"ground": {
			"scale": [0.5, 0.5, 0.5]
		},
		"gui": {
			"rotation": [26, 110, 0],
			"translation": [-0.5, 3.25, 0]
		},
		"head": {
			"translation": [1, 11.5, -1.25]
		},
		"fixed": {
			"translation": [0, 4.5, 0]
		}
	},
	"groups": [
		{
			"name": "duckyfloaty",
			"origin": [8, 8, 8],
			"color": 0,
			"children": [0, 1, 2, 3, 4, 5, 6, 7, 8, 9]
		}
	]
}