{
	"credit": "Made with Blockbench",
	"texture_size": [64, 64],
	"textures": {
		"0": "sunblock:item/summer/pinksurfboard",
		"particle": "sunblock:item/summer/pinksurfboard"
	},
	"elements": [
		{
			"from": [7.5, 0, -13],
			"to": [8.5, 12, 24],
			"faces": {
				"north": {"uv": [2.5, 6, 2.75, 9], "texture": "#0"},
				"east": {"uv": [0, 0, 9.25, 3], "texture": "#0"},
				"south": {"uv": [2.75, 6, 3, 9], "texture": "#0"},
				"west": {"uv": [9.25, 0, 0, 3], "texture": "#0"},
				"up": {"uv": [0.25, 15.25, 0, 6], "texture": "#0"},
				"down": {"uv": [0.5, 6, 0.25, 15.25], "texture": "#0"}
			}
		},
		{
			"from": [8.5, 6.5, -12],
			"to": [12.5, 6.5, -4],
			"faces": {
				"north": {"uv": [0, 0, 1, 0], "texture": "#0"},
				"east": {"uv": [0, 0, 2, 0], "texture": "#0"},
				"south": {"uv": [0, 0, 1, 0], "texture": "#0"},
				"west": {"uv": [0, 0, 2, 0], "texture": "#0"},
				"up": {"uv": [1.5, 8, 0.5, 6], "texture": "#0"},
				"down": {"uv": [1.5, 6, 0.5, 8], "texture": "#0"}
			}
		},
		{
			"from": [7.5, 1, 24],
			"to": [8.5, 11, 25],
			"faces": {
				"north": {"uv": [3, 6, 3.25, 8.5], "texture": "#0"},
				"east": {"uv": [3.25, 6, 3.5, 8.5], "texture": "#0"},
				"south": {"uv": [3.5, 6, 3.75, 8.5], "texture": "#0"},
				"west": {"uv": [3.5, 6, 3.25, 8.5], "texture": "#0"},
				"up": {"uv": [6.25, 7.25, 6, 7], "texture": "#0"},
				"down": {"uv": [7.25, 6, 7, 6.25], "texture": "#0"}
			}
		},
		{
			"from": [7.5, 3, 25],
			"to": [8.5, 9, 26],
			"faces": {
				"north": {"uv": [5, 6, 5.25, 7.5], "texture": "#0"},
				"east": {"uv": [5.25, 6, 5.5, 7.5], "texture": "#0"},
				"south": {"uv": [5.5, 6, 5.75, 7.5], "texture": "#0"},
				"west": {"uv": [5.25, 6, 5.5, 7.5], "texture": "#0"},
				"up": {"uv": [6.5, 7.25, 6.25, 7], "texture": "#0"},
				"down": {"uv": [7.25, 6.25, 7, 6.5], "texture": "#0"}
			}
		},
		{
			"from": [7.5, 4, 26],
			"to": [8.5, 8, 27],
			"faces": {
				"north": {"uv": [6, 6, 6.25, 7], "texture": "#0"},
				"east": {"uv": [6.25, 6, 6.5, 7], "texture": "#0"},
				"south": {"uv": [6.5, 6, 6.75, 7], "texture": "#0"},
				"west": {"uv": [6.25, 6, 6.5, 7], "texture": "#0"},
				"up": {"uv": [6.75, 7.25, 6.5, 7], "texture": "#0"},
				"down": {"uv": [7.25, 6.5, 7, 6.75], "texture": "#0"}
			}
		},
		{
			"from": [7.5, 1, -14],
			"to": [8.5, 11, -13],
			"faces": {
				"north": {"uv": [4, 6, 4.25, 8.5], "texture": "#0"},
				"east": {"uv": [4.25, 6, 4.5, 8.5], "texture": "#0"},
				"south": {"uv": [4.5, 6, 4.75, 8.5], "texture": "#0"},
				"west": {"uv": [4.25, 6, 4.5, 8.5], "texture": "#0"},
				"up": {"uv": [7, 7.25, 6.75, 7], "texture": "#0"},
				"down": {"uv": [7.25, 6.75, 7, 7], "texture": "#0"}
			}
		}
	],
	"display": {
		"thirdperson_righthand": {
			"rotation": [-112, 0, 0],
			"translation": [-1.75, 0, 0]
		},
		"thirdperson_lefthand": {
			"rotation": [-112, 0, -180],
			"translation": [-1.75, 0, 4.5]
		},
		"firstperson_righthand": {
			"rotation": [85, -180, -12],
			"translation": [3, 7.25, 0.75],
			"scale": [0.5, 0.5, 0.5]
		},
		"firstperson_lefthand": {
			"rotation": [75, -180, -180],
			"translation": [3, 8.5, -0.25],
			"scale": [0.5, 0.5, 0.5]
		},
		"ground": {
			"translation": [0, 1.75, 0],
			"scale": [0.5, 0.5, 0.5]
		},
		"gui": {
			"rotation": [-46.89, -73.42, -156.19],
			"scale": [0.4, 0.4, 0.4]
		},
		"head": {
			"rotation": [-90, 0, -90],
			"translation": [2, 2.75, 6.75]
		},
		"fixed": {
			"rotation": [-90.95, 37.23, 90.6],
			"translation": [0, 1.5, -0.25],
			"scale": [0.5, 0.5, 0.5]
		}
	},
	"groups": [
		{
			"name": "surfboard",
			"origin": [8, 8, 8],
			"color": 0,
			"children": [0, 1, 2, 3, 4, 5]
		}
	]
}