{
	"credit": "Made with Blockbench",
	"texture_size": [64, 64],
	"textures": {
		"1": "sunblock:item/summer/radio"
	},
	"elements": [
		{
			"from": [-4, 0, 4],
			"to": [20, 11, 13],
			"faces": {
				"north": {"uv": [0, 0, 6, 2.75], "texture": "#1"},
				"east": {"uv": [6.25, 7, 8.5, 9.75], "texture": "#1"},
				"south": {"uv": [0, 2.75, 6, 5.5], "texture": "#1"},
				"west": {"uv": [0, 8, 2.25, 10.75], "texture": "#1"},
				"up": {"uv": [12, 4.75, 6, 2.5], "texture": "#1"},
				"down": {"uv": [12.25, 4.75, 6.25, 7], "texture": "#1"}
			}
		},
		{
			"from": [17, 3, 3.75],
			"to": [18, 6, 4],
			"faces": {
				"north": {"uv": [6, 4.75, 6.25, 5.5], "texture": "#1"},
				"east": {"uv": [5, 10.5, 5.125, 11.25], "texture": "#1"},
				"south": {"uv": [6, 8, 6.25, 8.75], "texture": "#1"},
				"west": {"uv": [10, 10.5, 10.125, 11.25], "texture": "#1"},
				"up": {"uv": [1.25, 11.125, 1, 11], "texture": "#1"},
				"down": {"uv": [1.5, 11, 1.25, 11.125], "texture": "#1"}
			}
		},
		{
			"from": [13, 3, 3.75],
			"to": [14, 6, 4],
			"faces": {
				"north": {"uv": [6, 8.75, 6.25, 9.5], "texture": "#1"},
				"east": {"uv": [10.25, 10.5, 10.375, 11.25], "texture": "#1"},
				"south": {"uv": [5, 9.75, 5.25, 10.5], "texture": "#1"},
				"west": {"uv": [10.5, 10.25, 10.625, 11], "texture": "#1"},
				"up": {"uv": [2.75, 11.125, 2.5, 11], "texture": "#1"},
				"down": {"uv": [3, 11, 2.75, 11.125], "texture": "#1"}
			}
		},
		{
			"from": [14, 2, 3.75],
			"to": [17, 7, 4],
			"faces": {
				"north": {"uv": [5.25, 8, 6, 9.25], "texture": "#1"},
				"east": {"uv": [3.75, 10.25, 3.875, 11.5], "texture": "#1"},
				"south": {"uv": [2.25, 9, 3, 10.25], "texture": "#1"},
				"west": {"uv": [4, 10.25, 4.125, 11.5], "texture": "#1"},
				"up": {"uv": [0.75, 10.875, 0, 10.75], "texture": "#1"},
				"down": {"uv": [1.5, 10.75, 0.75, 10.875], "texture": "#1"}
			}
		},
		{
			"from": [17, 8.25, 3.75],
			"to": [19, 10.25, 4],
			"faces": {
				"north": {"uv": [4.5, 9.75, 5, 10.25], "texture": "#1"},
				"east": {"uv": [3.25, 10.75, 3.375, 11.25], "texture": "#1"},
				"south": {"uv": [6, 9.75, 6.5, 10.25], "texture": "#1"},
				"west": {"uv": [3.5, 10.75, 3.625, 11.25], "texture": "#1"},
				"up": {"uv": [7, 10.875, 6.5, 10.75], "texture": "#1"},
				"down": {"uv": [7.5, 10.75, 7, 10.875], "texture": "#1"}
			}
		},
		{
			"from": [-3, 8.25, 3.75],
			"to": [-1, 10.25, 4],
			"faces": {
				"north": {"uv": [6.5, 9.75, 7, 10.25], "texture": "#1"},
				"east": {"uv": [6, 10.75, 6.125, 11.25], "texture": "#1"},
				"south": {"uv": [7, 9.75, 7.5, 10.25], "texture": "#1"},
				"west": {"uv": [7.5, 10.75, 7.625, 11.25], "texture": "#1"},
				"up": {"uv": [8.25, 10.875, 7.75, 10.75], "texture": "#1"},
				"down": {"uv": [8.75, 10.75, 8.25, 10.875], "texture": "#1"}
			}
		},
		{
			"from": [2, 3, 3.75],
			"to": [3, 6, 4],
			"faces": {
				"north": {"uv": [7.5, 9.75, 7.75, 10.5], "texture": "#1"},
				"east": {"uv": [1.5, 10.75, 1.625, 11.5], "texture": "#1"},
				"south": {"uv": [7.75, 9.75, 8, 10.5], "texture": "#1"},
				"west": {"uv": [1.75, 10.75, 1.875, 11.5], "texture": "#1"},
				"up": {"uv": [3.25, 11.125, 3, 11], "texture": "#1"},
				"down": {"uv": [5.5, 11, 5.25, 11.125], "texture": "#1"}
			}
		},
		{
			"from": [-2, 3, 3.75],
			"to": [-1, 6, 4],
			"faces": {
				"north": {"uv": [8, 9.75, 8.25, 10.5], "texture": "#1"},
				"east": {"uv": [2, 10.75, 2.125, 11.5], "texture": "#1"},
				"south": {"uv": [8.25, 9.75, 8.5, 10.5], "texture": "#1"},
				"west": {"uv": [2.25, 10.75, 2.375, 11.5], "texture": "#1"},
				"up": {"uv": [5.75, 11.125, 5.5, 11], "texture": "#1"},
				"down": {"uv": [6, 11, 5.75, 11.125], "texture": "#1"}
			}
		},
		{
			"from": [-1, 2, 3.75],
			"to": [2, 7, 4],
			"faces": {
				"north": {"uv": [3, 9, 3.75, 10.25], "texture": "#1"},
				"east": {"uv": [4.25, 10.25, 4.375, 11.5], "texture": "#1"},
				"south": {"uv": [3.75, 9, 4.5, 10.25], "texture": "#1"},
				"west": {"uv": [4.5, 10.25, 4.625, 11.5], "texture": "#1"},
				"up": {"uv": [3.25, 10.875, 2.5, 10.75], "texture": "#1"},
				"down": {"uv": [6, 10.75, 5.25, 10.875], "texture": "#1"}
			}
		},
		{
			"from": [5, 3, 3.75],
			"to": [11, 7, 4],
			"faces": {
				"north": {"uv": [2.25, 8, 3.75, 9], "texture": "#1"},
				"east": {"uv": [4.75, 10.25, 4.875, 11.25], "texture": "#1"},
				"south": {"uv": [3.75, 8, 5.25, 9], "texture": "#1"},
				"west": {"uv": [6.25, 10.25, 6.375, 11.25], "texture": "#1"},
				"up": {"uv": [10, 9.875, 8.5, 9.75], "texture": "#1"},
				"down": {"uv": [10, 10, 8.5, 10.125], "texture": "#1"}
			}
		},
		{
			"from": [7.75, 1, 3.75],
			"to": [8.75, 2, 4],
			"faces": {
				"north": {"uv": [6, 9.5, 6.25, 9.75], "texture": "#1"},
				"east": {"uv": [6.5, 11, 6.625, 11.25], "texture": "#1"},
				"south": {"uv": [8.75, 10.75, 9, 11], "texture": "#1"},
				"west": {"uv": [6.75, 11, 6.875, 11.25], "texture": "#1"},
				"up": {"uv": [7.25, 11.125, 7, 11], "texture": "#1"},
				"down": {"uv": [7.5, 11, 7.25, 11.125], "texture": "#1"}
			}
		},
		{
			"from": [9.75, 1, 3.75],
			"to": [10.75, 2, 4],
			"faces": {
				"north": {"uv": [9, 10.75, 9.25, 11], "texture": "#1"},
				"east": {"uv": [7.75, 11, 7.875, 11.25], "texture": "#1"},
				"south": {"uv": [10.75, 9, 11, 9.25], "texture": "#1"},
				"west": {"uv": [8, 11, 8.125, 11.25], "texture": "#1"},
				"up": {"uv": [8.5, 11.125, 8.25, 11], "texture": "#1"},
				"down": {"uv": [8.75, 11, 8.5, 11.125], "texture": "#1"}
			}
		},
		{
			"from": [11.75, 1, 3.75],
			"to": [12.75, 2, 4],
			"faces": {
				"north": {"uv": [9.25, 10.75, 9.5, 11], "texture": "#1"},
				"east": {"uv": [8.75, 11, 8.875, 11.25], "texture": "#1"},
				"south": {"uv": [10.75, 9.25, 11, 9.5], "texture": "#1"},
				"west": {"uv": [9, 11, 9.125, 11.25], "texture": "#1"},
				"up": {"uv": [11.25, 9.125, 11, 9], "texture": "#1"},
				"down": {"uv": [9.5, 11, 9.25, 11.125], "texture": "#1"}
			}
		},
		{
			"from": [3.75, 1, 3.75],
			"to": [4.75, 2, 4],
			"faces": {
				"north": {"uv": [9.5, 10.75, 9.75, 11], "texture": "#1"},
				"east": {"uv": [11, 9.25, 11.125, 9.5], "texture": "#1"},
				"south": {"uv": [10.75, 9.5, 11, 9.75], "texture": "#1"},
				"west": {"uv": [9.5, 11, 9.625, 11.25], "texture": "#1"},
				"up": {"uv": [11.25, 9.625, 11, 9.5], "texture": "#1"},
				"down": {"uv": [10, 11, 9.75, 11.125], "texture": "#1"}
			}
		},
		{
			"from": [5.75, 1, 3.75],
			"to": [6.75, 2, 4],
			"faces": {
				"north": {"uv": [9.75, 10.75, 10, 11], "texture": "#1"},
				"east": {"uv": [11, 9.75, 11.125, 10], "texture": "#1"},
				"south": {"uv": [10.75, 9.75, 11, 10], "texture": "#1"},
				"west": {"uv": [11, 10, 11.125, 10.25], "texture": "#1"},
				"up": {"uv": [11.25, 10.375, 11, 10.25], "texture": "#1"},
				"down": {"uv": [10.75, 11, 10.5, 11.125], "texture": "#1"}
			}
		},
		{
			"from": [15, 11, 7],
			"to": [18, 12, 10],
			"faces": {
				"north": {"uv": [5.25, 10, 6, 10.25], "texture": "#1"},
				"east": {"uv": [10, 9, 10.75, 9.25], "texture": "#1"},
				"south": {"uv": [10, 9.25, 10.75, 9.5], "texture": "#1"},
				"west": {"uv": [10, 9.5, 10.75, 9.75], "texture": "#1"},
				"up": {"uv": [5.25, 9.75, 4.5, 9], "texture": "#1"},
				"down": {"uv": [9.25, 9, 8.5, 9.75], "texture": "#1"}
			}
		},
		{
			"from": [16, 12, 8],
			"to": [17, 14, 9],
			"faces": {
				"north": {"uv": [6.5, 10.25, 6.75, 10.75], "texture": "#1"},
				"east": {"uv": [6.75, 10.25, 7, 10.75], "texture": "#1"},
				"south": {"uv": [7, 10.25, 7.25, 10.75], "texture": "#1"},
				"west": {"uv": [7.25, 10.25, 7.5, 10.75], "texture": "#1"},
				"up": {"uv": [11, 10.25, 10.75, 10], "texture": "#1"},
				"down": {"uv": [11, 10.25, 10.75, 10.5], "texture": "#1"}
			}
		},
		{
			"from": [-1, 12, 8],
			"to": [0, 14, 9],
			"faces": {
				"north": {"uv": [8.5, 10.25, 8.75, 10.75], "texture": "#1"},
				"east": {"uv": [8.75, 10.25, 9, 10.75], "texture": "#1"},
				"south": {"uv": [9, 10.25, 9.25, 10.75], "texture": "#1"},
				"west": {"uv": [9.25, 10.25, 9.5, 10.75], "texture": "#1"},
				"up": {"uv": [11, 10.75, 10.75, 10.5], "texture": "#1"},
				"down": {"uv": [11, 10.75, 10.75, 11], "texture": "#1"}
			}
		},
		{
			"from": [14, 14, 8],
			"to": [16, 15, 9],
			"faces": {
				"north": {"uv": [9.5, 10.25, 10, 10.5], "texture": "#1"},
				"east": {"uv": [0, 11, 0.25, 11.25], "texture": "#1"},
				"south": {"uv": [10, 10.25, 10.5, 10.5], "texture": "#1"},
				"west": {"uv": [0.25, 11, 0.5, 11.25], "texture": "#1"},
				"up": {"uv": [2.75, 10.75, 2.25, 10.5], "texture": "#1"},
				"down": {"uv": [3.25, 10.5, 2.75, 10.75], "texture": "#1"}
			}
		},
		{
			"from": [0, 14, 8],
			"to": [2, 15, 9],
			"faces": {
				"north": {"uv": [3.25, 10.5, 3.75, 10.75], "texture": "#1"},
				"east": {"uv": [0.5, 11, 0.75, 11.25], "texture": "#1"},
				"south": {"uv": [7.5, 10.5, 8, 10.75], "texture": "#1"},
				"west": {"uv": [0.75, 11, 1, 11.25], "texture": "#1"},
				"up": {"uv": [8.5, 10.75, 8, 10.5], "texture": "#1"},
				"down": {"uv": [10, 10.5, 9.5, 10.75], "texture": "#1"}
			}
		},
		{
			"from": [2, 13.75, 7.75],
			"to": [14, 15.25, 9.25],
			"faces": {
				"north": {"uv": [8.5, 7, 11.5, 7.375], "texture": "#1"},
				"east": {"uv": [5.25, 10.25, 5.625, 10.625], "texture": "#1"},
				"south": {"uv": [8.5, 7.5, 11.5, 7.875], "texture": "#1"},
				"west": {"uv": [5.75, 10.25, 6.125, 10.625], "texture": "#1"},
				"up": {"uv": [11.5, 8.375, 8.5, 8], "texture": "#1"},
				"down": {"uv": [11.5, 8.5, 8.5, 8.875], "texture": "#1"}
			}
		},
		{
			"from": [-2, 11, 7],
			"to": [1, 12, 10],
			"faces": {
				"north": {"uv": [10, 9.75, 10.75, 10], "texture": "#1"},
				"east": {"uv": [10, 10, 10.75, 10.25], "texture": "#1"},
				"south": {"uv": [2.25, 10.25, 3, 10.5], "texture": "#1"},
				"west": {"uv": [3, 10.25, 3.75, 10.5], "texture": "#1"},
				"up": {"uv": [6, 10, 5.25, 9.25], "texture": "#1"},
				"down": {"uv": [10, 9, 9.25, 9.75], "texture": "#1"}
			}
		}
	],
	"display": {
		"thirdperson_righthand": {
			"rotation": [88, -90, 0],
			"translation": [0, -1.75, -3.5],
			"scale": [0.7, 0.7, 0.7]
		},
		"thirdperson_lefthand": {
			"rotation": [88, -90, 0],
			"translation": [0, -1.75, -3.5],
			"scale": [0.7, 0.7, 0.7]
		},
		"firstperson_righthand": {
			"rotation": [0, 127, 0],
			"translation": [2.75, 2, -2.75],
			"scale": [0.5, 0.5, 0.5]
		},
		"firstperson_lefthand": {
			"rotation": [0, 127, 0],
			"translation": [2.75, 2, -2.75],
			"scale": [0.5, 0.5, 0.5]
		},
		"ground": {
			"scale": [0.5, 0.5, 0.5]
		},
		"gui": {
			"rotation": [0, 125, 7],
			"scale": [0.6, 0.61, 0.6]
		},
		"head": {
			"translation": [0, 13.25, 0]
		},
		"fixed": {
			"rotation": [-90, 0, 0],
			"translation": [0, 0, -14],
			"scale": [2, 2, 2]
		}
	},
	"groups": [
		{
			"name": "radio",
			"origin": [0, 0, 0],
			"color": 0,
			"children": [
				{
					"name": "music",
					"origin": [17, 13, -5],
					"color": 0,
					"children": []
				},
				{
					"name": "body",
					"origin": [0, 0, 0],
					"color": 0,
					"children": [0, 1, 2, 3, 4, 5, 6, 7, 8, 9, 10, 11, 12, 13, 14, 15, 16, 17, 18, 19, 20, 21]
				}
			]
		},
		{
			"name": "hitbox",
			"origin": [0, 11, 0],
			"color": 0,
			"children": []
		}
	]
}