{
	"credit": "Made with Blockbench",
	"texture_size": [64, 64],
	"textures": {
		"0": "sunblock:item/summer/sandbucket",
		"particle": "sunblock:item/summer/sandbucket"
	},
	"elements": [
		{
			"from": [2, 2, 2],
			"to": [14, 12, 14],
			"faces": {
				"north": {"uv": [6, 3.5, 9, 6], "texture": "#0"},
				"east": {"uv": [6, 6, 9, 8.5], "texture": "#0"},
				"south": {"uv": [0, 6.5, 3, 9], "texture": "#0"},
				"west": {"uv": [6.5, 0, 9.5, 2.5], "texture": "#0"},
				"up": {"uv": [3, 6.5, 0, 3.5], "texture": "#0"},
				"down": {"uv": [6, 3.5, 3, 6.5], "texture": "#0"}
			}
		},
		{
			"from": [3, 0, 3],
			"to": [13, 2, 13],
			"faces": {
				"north": {"uv": [9, 5.5, 11.5, 6], "texture": "#0"},
				"east": {"uv": [9, 6, 11.5, 6.5], "texture": "#0"},
				"south": {"uv": [9, 6.5, 11.5, 7], "texture": "#0"},
				"west": {"uv": [9, 7, 11.5, 7.5], "texture": "#0"},
				"up": {"uv": [5.5, 9, 3, 6.5], "texture": "#0"},
				"down": {"uv": [8, 8.5, 5.5, 11], "texture": "#0"}
			}
		},
		{
			"from": [2, 12, 13],
			"to": [14, 14, 14],
			"faces": {
				"north": {"uv": [9, 3.5, 12, 4], "texture": "#0"},
				"east": {"uv": [5.5, 6.5, 5.75, 7], "texture": "#0"},
				"south": {"uv": [9, 4, 12, 4.5], "texture": "#0"},
				"west": {"uv": [5.75, 6.5, 6, 7], "texture": "#0"},
				"up": {"uv": [12.5, 1.25, 9.5, 1], "texture": "#0"},
				"down": {"uv": [12.5, 1.25, 9.5, 1.5], "texture": "#0"}
			}
		},
		{
			"from": [2, 12, 2],
			"to": [14, 14, 3],
			"faces": {
				"north": {"uv": [9, 4.5, 12, 5], "texture": "#0"},
				"east": {"uv": [5.5, 7, 5.75, 7.5], "texture": "#0"},
				"south": {"uv": [9, 5, 12, 5.5], "texture": "#0"},
				"west": {"uv": [5.75, 7, 6, 7.5], "texture": "#0"},
				"up": {"uv": [12.5, 1.75, 9.5, 1.5], "texture": "#0"},
				"down": {"uv": [12.5, 1.75, 9.5, 2], "texture": "#0"}
			}
		},
		{
			"from": [6, 11.25, 4],
			"to": [11, 13.25, 8],
			"faces": {
				"north": {"uv": [9.5, 2, 10.75, 2.5], "texture": "#0"},
				"east": {"uv": [1.5, 10, 2.5, 10.5], "texture": "#0"},
				"south": {"uv": [8, 9.5, 9.25, 10], "texture": "#0"},
				"west": {"uv": [10, 2.5, 11, 3], "texture": "#0"},
				"up": {"uv": [4.5, 10, 3.25, 9], "texture": "#0"},
				"down": {"uv": [10.25, 7.5, 9, 8.5], "texture": "#0"}
			}
		},
		{
			"from": [7, 11.5, 7],
			"to": [10, 13.5, 10],
			"faces": {
				"north": {"uv": [10, 3, 10.75, 3.5], "texture": "#0"},
				"east": {"uv": [3.25, 10, 4, 10.5], "texture": "#0"},
				"south": {"uv": [8, 10, 8.75, 10.5], "texture": "#0"},
				"west": {"uv": [10, 9.5, 10.75, 10], "texture": "#0"},
				"up": {"uv": [3.25, 10.25, 2.5, 9.5], "texture": "#0"},
				"down": {"uv": [10, 9.5, 9.25, 10.25], "texture": "#0"}
			}
		},
		{
			"from": [9, 10.5, 9],
			"to": [12, 12.5, 12],
			"faces": {
				"north": {"uv": [10, 10, 10.75, 10.5], "texture": "#0"},
				"east": {"uv": [2.5, 10.25, 3.25, 10.75], "texture": "#0"},
				"south": {"uv": [10.25, 7.5, 11, 8], "texture": "#0"},
				"west": {"uv": [10.25, 8, 11, 8.5], "texture": "#0"},
				"up": {"uv": [0.75, 10.75, 0, 10], "texture": "#0"},
				"down": {"uv": [1.5, 10, 0.75, 10.75], "texture": "#0"}
			}
		},
		{
			"from": [13, 12, 3],
			"to": [14, 14, 13],
			"faces": {
				"north": {"uv": [5.5, 7.5, 5.75, 8], "texture": "#0"},
				"east": {"uv": [8, 9, 10.5, 9.5], "texture": "#0"},
				"south": {"uv": [5.75, 7.5, 6, 8], "texture": "#0"},
				"west": {"uv": [0, 9.5, 2.5, 10], "texture": "#0"},
				"up": {"uv": [4.75, 11.5, 4.5, 9], "texture": "#0"},
				"down": {"uv": [5, 9, 4.75, 11.5], "texture": "#0"}
			}
		},
		{
			"from": [2, 12, 3],
			"to": [3, 14, 13],
			"faces": {
				"north": {"uv": [5.5, 8, 5.75, 8.5], "texture": "#0"},
				"east": {"uv": [9.5, 0, 12, 0.5], "texture": "#0"},
				"south": {"uv": [5.75, 8, 6, 8.5], "texture": "#0"},
				"west": {"uv": [9.5, 0.5, 12, 1], "texture": "#0"},
				"up": {"uv": [5.25, 11.5, 5, 9], "texture": "#0"},
				"down": {"uv": [5.5, 9, 5.25, 11.5], "texture": "#0"}
			}
		},
		{
			"from": [-2, 11, 1],
			"to": [11, 13, 15],
			"rotation": {"angle": -22.5, "axis": "z", "origin": [0, 0, 0]},
			"faces": {
				"north": {"uv": [8, 8.5, 11.25, 9], "texture": "#0"},
				"east": {"uv": [6.5, 2.5, 10, 3], "texture": "#0"},
				"south": {"uv": [0, 9, 3.25, 9.5], "texture": "#0"},
				"west": {"uv": [6.5, 3, 10, 3.5], "texture": "#0"},
				"up": {"uv": [3.25, 3.5, 0, 0], "texture": "#0"},
				"down": {"uv": [6.5, 0, 3.25, 3.5], "texture": "#0"}
			}
		}
	],
	"display": {
		"thirdperson_righthand": {
			"rotation": [0, -90, 0],
			"translation": [0, -1.5, -2.75],
			"scale": [0.5, 0.5, 0.5]
		},
		"thirdperson_lefthand": {
			"rotation": [0, 90, 0],
			"translation": [0, -1.5, -2.75],
			"scale": [0.5, 0.5, 0.5]
		},
		"firstperson_righthand": {
			"rotation": [22, -90, 0],
			"translation": [1, 1.75, 0],
			"scale": [0.5, 0.5, 0.5]
		},
		"firstperson_lefthand": {
			"rotation": [22, -90, 0],
			"translation": [2, 1.75, 0],
			"scale": [0.5, 0.5, 0.5]
		},
		"ground": {
			"translation": [0, 1.75, 0],
			"scale": [0.5, 0.5, 0.5]
		},
		"gui": {
			"rotation": [39, -42, 0],
			"translation": [0.25, 0, 0],
			"scale": [0.6, 0.6, 0.6]
		},
		"head": {
			"rotation": [0, 90, 0],
			"translation": [0, 14.5, 0]
		},
		"fixed": {
			"rotation": [0, 90, 0],
			"translation": [0, 0, -2.25]
		}
	},
	"groups": [
		{
			"name": "sandbucket",
			"origin": [0, 0, 0],
			"color": 0,
			"children": [0, 1, 2, 3, 4, 5, 6, 7, 8, 9]
		}
	]
}