{
	"credit": "Made with Blockbench",
	"ambientocclusion": false,
	"texture_size": [32, 32],
	"textures": {
		"0": "sunblock:item/summer/sunglasses",
		"particle": "sunblock:item/summer/sunglasses"
	},
	"elements": [
		{
			"from": [2.52249, 0, 2.05923],
			"to": [5.7552, 0.53878, 2.69392],
			"faces": {
				"north": {"uv": [5, 4, 8, 4.5], "texture": "#0"},
				"east": {"uv": [3.5, 8.5, 4, 9], "texture": "#0"},
				"south": {"uv": [5, 4.5, 8, 5], "texture": "#0"},
				"west": {"uv": [0, 9, 0.5, 9.5], "texture": "#0"},
				"up": {"uv": [11, 5.5, 8, 5], "texture": "#0"},
				"down": {"uv": [9.5, 8, 6.5, 8.5], "texture": "#0"}
			}
		},
		{
			"from": [1.98371, 0.53878, 2.05923],
			"to": [6.29398, 1.07757, 2.69392],
			"faces": {
				"north": {"uv": [0, 5, 4, 5.5], "texture": "#0"},
				"east": {"uv": [0.5, 9, 1, 9.5], "texture": "#0"},
				"south": {"uv": [5, 3, 9, 3.5], "texture": "#0"},
				"west": {"uv": [1, 9, 1.5, 9.5], "texture": "#0"},
				"up": {"uv": [10.5, 8, 6.5, 7.5], "texture": "#0"},
				"down": {"uv": [4, 8, 0, 8.5], "texture": "#0"}
			}
		},
		{
			"from": [1.44492, 1.07757, 2.05923],
			"to": [6.83277, 1.61635, 2.69392],
			"faces": {
				"north": {"uv": [0, 3, 5, 3.5], "texture": "#0"},
				"east": {"uv": [1.5, 9, 2, 9.5], "texture": "#0"},
				"south": {"uv": [0, 3.5, 5, 4], "texture": "#0"},
				"west": {"uv": [2, 9, 2.5, 9.5], "texture": "#0"},
				"up": {"uv": [5, 6.5, 0, 6], "texture": "#0"},
				"down": {"uv": [10, 6, 5, 6.5], "texture": "#0"}
			}
		},
		{
			"from": [0.90614, 1.61635, 2.05923],
			"to": [14.37575, 2.69392, 2.69392],
			"faces": {
				"north": {"uv": [0, 0, 12.5, 1], "texture": "#0"},
				"east": {"uv": [4, 8, 4.5, 9], "texture": "#0"},
				"south": {"uv": [0, 1, 12.5, 2], "texture": "#0"},
				"west": {"uv": [3, 8.5, 3.5, 9.5], "texture": "#0"},
				"up": {"uv": [12.5, 2.5, 0, 2], "texture": "#0"},
				"down": {"uv": [12.5, 2.5, 0, 3], "texture": "#0"}
			}
		},
		{
			"from": [8.9879, 0.53878, 2.05923],
			"to": [13.29818, 1.07757, 2.69392],
			"faces": {
				"north": {"uv": [5, 3.5, 9, 4], "texture": "#0"},
				"east": {"uv": [2.5, 9, 3, 9.5], "texture": "#0"},
				"south": {"uv": [4, 5, 8, 5.5], "texture": "#0"},
				"west": {"uv": [9, 3, 9.5, 3.5], "texture": "#0"},
				"up": {"uv": [12, 4.5, 8, 4], "texture": "#0"},
				"down": {"uv": [12, 4.5, 8, 5], "texture": "#0"}
			}
		},
		{
			"from": [9.52669, 0, 2.05923],
			"to": [12.75939, 0.53878, 2.69392],
			"faces": {
				"north": {"uv": [0, 5.5, 3, 6], "texture": "#0"},
				"east": {"uv": [3.5, 9, 4, 9.5], "texture": "#0"},
				"south": {"uv": [3, 5.5, 6, 6], "texture": "#0"},
				"west": {"uv": [9, 3.5, 9.5, 4], "texture": "#0"},
				"up": {"uv": [3, 9, 0, 8.5], "texture": "#0"},
				"down": {"uv": [9.5, 8.5, 6.5, 9], "texture": "#0"}
			}
		},
		{
			"from": [8.44912, 1.07757, 2.05923],
			"to": [13.83696, 1.61635, 2.69392],
			"faces": {
				"north": {"uv": [0, 4, 5, 4.5], "texture": "#0"},
				"east": {"uv": [4, 9, 4.5, 9.5], "texture": "#0"},
				"south": {"uv": [0, 4.5, 5, 5], "texture": "#0"},
				"west": {"uv": [6.5, 9, 7, 9.5], "texture": "#0"},
				"up": {"uv": [11, 6, 6, 5.5], "texture": "#0"},
				"down": {"uv": [5, 6.5, 0, 7], "texture": "#0"}
			}
		},
		{
			"from": [13.85636, 2.17453, 2.69392],
			"to": [14.37575, 2.69392, 9.13889],
			"faces": {
				"north": {"uv": [7, 9, 7.5, 9.5], "texture": "#0"},
				"east": {"uv": [5, 6.5, 9.5, 7], "texture": "#0"},
				"south": {"uv": [7.5, 9, 8, 9.5], "texture": "#0"},
				"west": {"uv": [0, 7, 4.5, 7.5], "texture": "#0"},
				"up": {"uv": [5, 11.5, 4.5, 7], "texture": "#0"},
				"down": {"uv": [5.5, 7, 5, 11.5], "texture": "#0"}
			}
		},
		{
			"from": [13.85636, 1.65514, 9.13889],
			"to": [14.37575, 2.17453, 9.65829],
			"faces": {
				"north": {"uv": [8, 9, 8.5, 9.5], "texture": "#0"},
				"east": {"uv": [8.5, 9, 9, 9.5], "texture": "#0"},
				"south": {"uv": [9, 9, 9.5, 9.5], "texture": "#0"},
				"west": {"uv": [0, 9.5, 0.5, 10], "texture": "#0"},
				"up": {"uv": [1, 10, 0.5, 9.5], "texture": "#0"},
				"down": {"uv": [1.5, 9.5, 1, 10], "texture": "#0"}
			}
		},
		{
			"from": [0.90614, 2.17453, 2.69392],
			"to": [1.42553, 2.69392, 9.13889],
			"faces": {
				"north": {"uv": [1.5, 9.5, 2, 10], "texture": "#0"},
				"east": {"uv": [5.5, 7, 10, 7.5], "texture": "#0"},
				"south": {"uv": [2, 9.5, 2.5, 10], "texture": "#0"},
				"west": {"uv": [0, 7.5, 4.5, 8], "texture": "#0"},
				"up": {"uv": [6, 12, 5.5, 7.5], "texture": "#0"},
				"down": {"uv": [6.5, 7.5, 6, 12], "texture": "#0"}
			}
		},
		{
			"from": [0.90614, 1.65514, 9.13889],
			"to": [1.42553, 2.17453, 9.65829],
			"faces": {
				"north": {"uv": [2.5, 9.5, 3, 10], "texture": "#0"},
				"east": {"uv": [3, 9.5, 3.5, 10], "texture": "#0"},
				"south": {"uv": [9.5, 3, 10, 3.5], "texture": "#0"},
				"west": {"uv": [3.5, 9.5, 4, 10], "texture": "#0"},
				"up": {"uv": [10, 4, 9.5, 3.5], "texture": "#0"},
				"down": {"uv": [4.5, 9.5, 4, 10], "texture": "#0"}
			}
		}
	],
	"display": {
		"thirdperson_righthand": {
			"rotation": [0, -180, 0],
			"translation": [0, 3.75, -2.25],
			"scale": [0.5, 0.5, 0.5]
		},
		"thirdperson_lefthand": {
			"rotation": [0, -180, 0],
			"translation": [0, 3.75, -2.25],
			"scale": [0.5, 0.5, 0.5]
		},
		"firstperson_righthand": {
			"rotation": [37, 0, 0],
			"translation": [7.25, 1.25, 0]
		},
		"firstperson_lefthand": {
			"rotation": [37, 0, 0],
			"translation": [7.25, 1.25, 0]
		},
		"ground": {
			"translation": [0, 1.75, 0],
			"scale": [0.5, 0.5, 0.5]
		},
		"gui": {
			"rotation": [10, 125, 0],
			"translation": [1.75, 6.5, 0]
		},
		"head": {
			"translation": [0.35, 6.25, -1.25]
		},
		"fixed": {
			"translation": [0, 8.25, 3.5]
		}
	},
	"groups": [
		{
			"name": "sunglasses",
			"origin": [0, 0, 0],
			"color": 0,
			"children": [0, 1, 2, 3, 4, 5, 6, 7, 8, 9, 10]
		}
	]
}