{
	"credit": "Made by PolygonMC",
	"texture_size": [24, 24],
	"textures": {
		"1": "sunblock:item/evergreenset/animations/animations_1",
		"3": "sunblock:item/evergreenset/bow_1",
		"particle": "sunblock:item/evergreenset/animations/animations_1"
	},
	"elements": [
		{
			"from": [7.5, 8.5, 7.5],
			"to": [8.5, 10.25, 8.5],
			"rotation": {"angle": 0, "axis": "y", "origin": [7.5, 8.25, 7.5]},
			"faces": {
				"north": {"uv": [8.66667, 6.66667, 9.33333, 7.83333], "texture": "#3"},
				"east": {"uv": [8.66667, 8, 9.33333, 9.16667], "texture": "#3"},
				"south": {"uv": [13.33333, 7.33333, 14, 8.5], "texture": "#3"},
				"west": {"uv": [9.33333, 4, 10, 5.16667], "texture": "#3"},
				"up": {"uv": [12, 2, 11.33333, 1.33333], "texture": "#3"},
				"down": {"uv": [12, 2, 11.33333, 2.66667], "texture": "#3"}
			}
		},
		{
			"from": [7.6, 7.5, 7.6],
			"to": [8.4, 8.5, 8.4],
			"rotation": {"angle": 0, "axis": "y", "origin": [7.5, 7.75, 7.5]},
			"faces": {
				"north": {"uv": [11.33333, 6.66667, 11.83333, 7.33333], "texture": "#3"},
				"east": {"uv": [11.33333, 7.33333, 11.83333, 8], "texture": "#3"},
				"south": {"uv": [11.33333, 8, 11.83333, 8.66667], "texture": "#3"},
				"west": {"uv": [11.33333, 9.33333, 11.83333, 10], "texture": "#3"}
			}
		},
		{
			"from": [7.4, 9, 7.4],
			"to": [8.6, 9.5, 8.6],
			"rotation": {"angle": 0, "axis": "y", "origin": [7.5, 8.5, 7.5]},
			"faces": {
				"north": {"uv": [8, 12, 8.83333, 12.33333], "texture": "#3"},
				"east": {"uv": [12, 8, 12.83333, 8.33333], "texture": "#3"},
				"south": {"uv": [12, 8.66667, 12.83333, 9], "texture": "#3"},
				"west": {"uv": [9.33333, 12, 10.16667, 12.33333], "texture": "#3"},
				"up": {"uv": [5.5, 10.16667, 4.66667, 9.33333], "texture": "#3"},
				"down": {"uv": [10.16667, 5.33333, 9.33333, 6.16667], "texture": "#3"}
			}
		},
		{
			"from": [7.055, 10.805, 7.655],
			"to": [8.945, 12.245, 9.095],
			"rotation": {"angle": -45, "axis": "x", "origin": [8, 11.15, 8]},
			"faces": {
				"north": {"uv": [7.33333, 1.33333, 8.66667, 2.33333], "texture": "#3"},
				"east": {"uv": [8.66667, 1.33333, 9.66667, 2.33333], "texture": "#3"},
				"south": {"uv": [7.33333, 2.66667, 8.66667, 3.66667], "texture": "#3"},
				"west": {"uv": [8.66667, 2.66667, 9.66667, 3.66667], "texture": "#3"},
				"up": {"uv": [8.66667, 5, 7.33333, 4], "texture": "#3"},
				"down": {"uv": [8.66667, 5.33333, 7.33333, 6.33333], "texture": "#3"}
			}
		},
		{
			"from": [7.255, 10.555, 7.405],
			"to": [8.745, 12.495, 9.345],
			"rotation": {"angle": -45, "axis": "x", "origin": [8, 11.15, 8]},
			"faces": {
				"north": {"uv": [6, 7.33333, 7, 8.66667], "texture": "#3"},
				"east": {"uv": [6, 3.33333, 7.33333, 4.66667], "texture": "#3"},
				"south": {"uv": [7.33333, 6.66667, 8.33333, 8], "texture": "#3"},
				"west": {"uv": [6, 4.66667, 7.33333, 6], "texture": "#3"},
				"up": {"uv": [8.33333, 9.33333, 7.33333, 8], "texture": "#3"},
				"down": {"uv": [9.66667, 0, 8.66667, 1.33333], "texture": "#3"}
			}
		},
		{
			"from": [7.39, 10.25, 7.39],
			"to": [8.61, 10.86, 8.61],
			"rotation": {"angle": 0, "axis": "y", "origin": [7.39, 10.25, 7.39]},
			"faces": {
				"north": {"uv": [12, 9.33333, 12.83333, 9.66667], "texture": "#3"},
				"east": {"uv": [10.66667, 12, 11.5, 12.33333], "texture": "#3"},
				"south": {"uv": [12, 10.66667, 12.83333, 11], "texture": "#3"},
				"west": {"uv": [12, 11.33333, 12.83333, 11.66667], "texture": "#3"},
				"up": {"uv": [10.16667, 7.5, 9.33333, 6.66667], "texture": "#3"},
				"down": {"uv": [8.16667, 9.33333, 7.33333, 10.16667], "texture": "#3"}
			}
		},
		{
			"from": [7.75, 12, 7],
			"to": [8.25, 14, 9],
			"rotation": {"angle": 45, "axis": "x", "origin": [8, 13, 8]},
			"faces": {
				"north": {"uv": [11.33333, 2.66667, 11.66667, 4], "texture": "#3"},
				"east": {"uv": [6, 6, 7.33333, 7.33333], "texture": "#3"},
				"south": {"uv": [13.33333, 9.5, 13.66667, 10.83333], "texture": "#3"},
				"west": {"uv": [7.33333, 0, 8.66667, 1.33333], "texture": "#3"},
				"up": {"uv": [11.66667, 5.33333, 11.33333, 4], "texture": "#3"},
				"down": {"uv": [5, 11.33333, 4.66667, 12.66667], "texture": "#3"}
			}
		},
		{
			"from": [7.97825, 15.45789, 5.68449],
			"to": [8.02175, 19.93789, 7.67449],
			"rotation": {"angle": 45, "axis": "x", "origin": [8, 15.29789, 6.67949]},
			"faces": {
				"east": {"uv": [15.5, 0, 14.16667, 3], "texture": "#3"},
				"west": {"uv": [14.16667, 0, 15.5, 3], "texture": "#3"}
			}
		},
		{
			"from": [7.3, 13.6, 7.58839],
			"to": [8.7, 14.6, 8.08839],
			"rotation": {"angle": -45, "axis": "x", "origin": [7.55, 13.975, 8.08839]},
			"faces": {
				"north": {"uv": [10, 2.66667, 11, 3.33333], "texture": "#3"},
				"east": {"uv": [2.66667, 12.66667, 3, 13.33333], "texture": "#3"},
				"south": {"uv": [10, 3.33333, 11, 4], "texture": "#3"},
				"west": {"uv": [3.33333, 12.66667, 3.66667, 13.33333], "texture": "#3"},
				"up": {"uv": [12.33333, 10.33333, 11.33333, 10], "texture": "#3"},
				"down": {"uv": [11.66667, 11.33333, 10.66667, 11.66667], "texture": "#3"}
			}
		},
		{
			"from": [7.3, 13.6, 8.08839],
			"to": [8.7, 14.1, 8.58839],
			"rotation": {"angle": -45, "axis": "x", "origin": [7.55, 13.975, 8.08839]},
			"faces": {
				"east": {"uv": [1.33333, 13.33333, 1.66667, 13.66667], "texture": "#3"},
				"south": {"uv": [0, 12, 1, 12.33333], "texture": "#3"},
				"west": {"uv": [13.33333, 1.33333, 13.66667, 1.66667], "texture": "#3"},
				"up": {"uv": [2.33333, 12.33333, 1.33333, 12], "texture": "#3"},
				"down": {"uv": [13, 1.33333, 12, 1.66667], "texture": "#3"}
			}
		},
		{
			"from": [7.3, 12.57617, 7.39455],
			"to": [8.7, 13.57617, 7.89455],
			"rotation": {"angle": 22.5, "axis": "x", "origin": [7.55, 13.20117, 7.39455]},
			"faces": {
				"north": {"uv": [10, 4, 11, 4.66667], "texture": "#3"},
				"east": {"uv": [4, 12.66667, 4.33333, 13.33333], "texture": "#3"},
				"south": {"uv": [10, 4.66667, 11, 5.33333], "texture": "#3"},
				"west": {"uv": [4.66667, 12.66667, 5, 13.33333], "texture": "#3"},
				"up": {"uv": [13, 2.33333, 12, 2], "texture": "#3"},
				"down": {"uv": [3.66667, 12, 2.66667, 12.33333], "texture": "#3"}
			}
		},
		{
			"from": [7.3, 13.07617, 6.89455],
			"to": [8.7, 13.57617, 7.39455],
			"rotation": {"angle": 22.5, "axis": "x", "origin": [7.55, 13.20117, 7.39455]},
			"faces": {
				"north": {"uv": [12, 2.66667, 13, 3], "texture": "#3"},
				"east": {"uv": [2, 13.33333, 2.33333, 13.66667], "texture": "#3"},
				"west": {"uv": [13.33333, 2, 13.66667, 2.33333], "texture": "#3"},
				"up": {"uv": [13, 3.66667, 12, 3.33333], "texture": "#3"},
				"down": {"uv": [13, 4, 12, 4.33333], "texture": "#3"}
			}
		},
		{
			"from": [7.3, 12.57617, 8.10545],
			"to": [8.7, 13.57617, 8.60545],
			"rotation": {"angle": -22.5, "axis": "x", "origin": [7.55, 13.20117, 8.60545]},
			"faces": {
				"north": {"uv": [6, 10, 7, 10.66667], "texture": "#3"},
				"east": {"uv": [5.33333, 12.66667, 5.66667, 13.33333], "texture": "#3"},
				"south": {"uv": [10, 9.33333, 11, 10], "texture": "#3"},
				"west": {"uv": [6, 12.66667, 6.33333, 13.33333], "texture": "#3"},
				"up": {"uv": [13, 5, 12, 4.66667], "texture": "#3"},
				"down": {"uv": [6.33333, 12, 5.33333, 12.33333], "texture": "#3"}
			}
		},
		{
			"from": [7.3, 13.07617, 8.60545],
			"to": [8.7, 13.57617, 9.10545],
			"rotation": {"angle": -22.5, "axis": "x", "origin": [7.55, 13.20117, 8.60545]},
			"faces": {
				"east": {"uv": [2.66667, 13.33333, 3, 13.66667], "texture": "#3"},
				"south": {"uv": [12, 5.33333, 13, 5.66667], "texture": "#3"},
				"west": {"uv": [13.33333, 2.66667, 13.66667, 3], "texture": "#3"},
				"up": {"uv": [13, 6.33333, 12, 6], "texture": "#3"},
				"down": {"uv": [7.66667, 12, 6.66667, 12.33333], "texture": "#3"}
			}
		},
		{
			"from": [7.4, 12.85628, 7.5],
			"to": [8.6, 13.85628, 8.5],
			"rotation": {"angle": -45, "axis": "x", "origin": [7.675, 13.35628, 8]},
			"faces": {
				"north": {"uv": [10, 10, 10.83333, 10.66667], "texture": "#3"},
				"east": {"uv": [5.33333, 11.33333, 6, 12], "texture": "#3"},
				"south": {"uv": [13.33333, 8.66667, 14.16667, 9.33333], "texture": "#3"},
				"west": {"uv": [6, 11.33333, 6.66667, 12], "texture": "#3"},
				"up": {"uv": [6.16667, 11.33333, 5.33333, 10.66667], "texture": "#3"},
				"down": {"uv": [11.5, 5.33333, 10.66667, 6], "texture": "#3"}
			}
		},
		{
			"from": [7.175, 8.675, 5],
			"to": [7.175, 14.675, 11],
			"rotation": {"angle": 45, "axis": "x", "origin": [7.175, 11.675, 8]},
			"faces": {
				"west": {"uv": [0, 0, 12, 12], "texture": "#1"}
			}
		},
		{
			"from": [5, 5, 1.25],
			"to": [11, 11, 1.3],
			"rotation": {"angle": 45, "axis": "z", "origin": [8, 8, 1.25]},
			"faces": {
				"north": {"uv": [0, 0, 12, 12], "rotation": 270, "texture": "#1"},
				"south": {"uv": [0, 12, 12, 0], "rotation": 270, "texture": "#1"}
			}
		},
		{
			"from": [7.225, 1.325, 5],
			"to": [7.225, 7.325, 11],
			"rotation": {"angle": -45, "axis": "x", "origin": [7.225, 4.325, 8]},
			"faces": {
				"west": {"uv": [0, 12, 12, 0], "texture": "#1"}
			}
		},
		{
			"from": [8.775, 1.325, 5],
			"to": [8.775, 7.325, 11],
			"rotation": {"angle": -45, "axis": "x", "origin": [8.775, 4.325, 8]},
			"faces": {
				"east": {"uv": [12, 12, 0, 0], "texture": "#1"}
			}
		},
		{
			"from": [8.825, 8.675, 5],
			"to": [8.825, 14.675, 11],
			"rotation": {"angle": 45, "axis": "x", "origin": [8.825, 11.675, 8]},
			"faces": {
				"east": {"uv": [12, 0, 0, 12], "texture": "#1"}
			}
		},
		{
			"from": [7.5, 13.95, 7.5],
			"to": [8.5, 15.95, 8.5],
			"rotation": {"angle": 22.5, "axis": "x", "origin": [7.5, 13.95, 7.5]},
			"faces": {
				"north": {"uv": [8.66667, 4, 9.33333, 5.33333], "texture": "#3"},
				"east": {"uv": [8.66667, 5.33333, 9.33333, 6.66667], "texture": "#3"},
				"south": {"uv": [6, 8.66667, 6.66667, 10], "texture": "#3"},
				"west": {"uv": [6.66667, 8.66667, 7.33333, 10], "texture": "#3"},
				"up": {"uv": [12, 6.66667, 11.33333, 6], "texture": "#3"}
			}
		},
		{
			"from": [7.6, 15.13825, 8.86737],
			"to": [8.4, 16.63825, 9.66737],
			"rotation": {"angle": 45, "axis": "x", "origin": [8, 16.13825, 9.31737]},
			"faces": {
				"north": {"uv": [8, 10.66667, 8.5, 11.66667], "texture": "#3"},
				"east": {"uv": [8.66667, 10.66667, 9.16667, 11.66667], "texture": "#3"},
				"south": {"uv": [9.33333, 10.66667, 9.83333, 11.66667], "texture": "#3"},
				"west": {"uv": [10, 10.66667, 10.5, 11.66667], "texture": "#3"}
			}
		},
		{
			"from": [7.5, 16.04766, 9.30606],
			"to": [8.5, 17.29766, 10.55606],
			"rotation": {"angle": -22.5, "axis": "x", "origin": [8, 16.97266, 10.13106]},
			"faces": {
				"north": {"uv": [10.66667, 6, 11.33333, 6.83333], "texture": "#3"},
				"east": {"uv": [9.33333, 8, 10.16667, 8.83333], "texture": "#3"},
				"south": {"uv": [6.66667, 10.66667, 7.33333, 11.5], "texture": "#3"},
				"west": {"uv": [8.66667, 9.33333, 9.5, 10.16667], "texture": "#3"},
				"up": {"uv": [8, 11.5, 7.33333, 10.66667], "texture": "#3"},
				"down": {"uv": [11.33333, 7.33333, 10.66667, 8.16667], "texture": "#3"}
			}
		},
		{
			"from": [7.3, 16.24766, 9.50606],
			"to": [8.7, 17.09766, 10.35606],
			"rotation": {"angle": -22.5, "axis": "x", "origin": [8, 16.97266, 10.13106]},
			"faces": {
				"north": {"uv": [10.66667, 8.66667, 11.66667, 9.16667], "texture": "#3"},
				"east": {"uv": [1.33333, 12.66667, 1.83333, 13.16667], "texture": "#3"},
				"south": {"uv": [10.66667, 10.66667, 11.66667, 11.16667], "texture": "#3"},
				"west": {"uv": [2, 12.66667, 2.5, 13.16667], "texture": "#3"},
				"up": {"uv": [12.33333, 0.5, 11.33333, 0], "texture": "#3"},
				"down": {"uv": [12.33333, 0.66667, 11.33333, 1.16667], "texture": "#3"}
			}
		},
		{
			"from": [7.6, 16.4834, 10.34396],
			"to": [8.4, 16.9834, 11.34396],
			"rotation": {"angle": 22.5, "axis": "x", "origin": [8, 16.7334, 10.84396]},
			"faces": {
				"east": {"uv": [6.66667, 12.66667, 7.33333, 13], "texture": "#3"},
				"west": {"uv": [12.66667, 6.66667, 13.33333, 7], "texture": "#3"},
				"up": {"uv": [12.5, 7.33333, 12, 6.66667], "texture": "#3"},
				"down": {"uv": [12.5, 7.33333, 12, 8], "texture": "#3"}
			}
		},
		{
			"from": [7.6, 16.31108, 11.21023],
			"to": [8.4, 16.81108, 11.71023],
			"rotation": {"angle": 0, "axis": "x", "origin": [8, 16.56108, 11.71023]},
			"faces": {
				"east": {"uv": [3.33333, 13.33333, 3.66667, 13.66667], "texture": "#3"},
				"west": {"uv": [13.33333, 3.33333, 13.66667, 3.66667], "texture": "#3"},
				"up": {"uv": [7.83333, 13, 7.33333, 12.66667], "texture": "#3"},
				"down": {"uv": [13.16667, 7.33333, 12.66667, 7.66667], "texture": "#3"}
			}
		},
		{
			"from": [7.6, 16.38773, 11.59553],
			"to": [8.4, 16.88773, 12.09553],
			"rotation": {"angle": -22.5, "axis": "x", "origin": [8, 16.63773, 11.84553]},
			"faces": {
				"east": {"uv": [4, 13.33333, 4.33333, 13.66667], "texture": "#3"},
				"west": {"uv": [13.33333, 4, 13.66667, 4.33333], "texture": "#3"},
				"up": {"uv": [8.5, 13, 8, 12.66667], "texture": "#3"},
				"down": {"uv": [9.16667, 12.66667, 8.66667, 13], "texture": "#3"}
			}
		},
		{
			"from": [7.6, 16.60598, 11.92217],
			"to": [8.4, 17.10598, 12.42217],
			"rotation": {"angle": -45, "axis": "x", "origin": [8, 16.85598, 12.17217]},
			"faces": {
				"east": {"uv": [4.66667, 13.33333, 5, 13.66667], "texture": "#3"},
				"west": {"uv": [13.33333, 4.66667, 13.66667, 5], "texture": "#3"},
				"up": {"uv": [9.83333, 13, 9.33333, 12.66667], "texture": "#3"},
				"down": {"uv": [10.5, 12.66667, 10, 13], "texture": "#3"}
			}
		},
		{
			"from": [7.6, 16.93262, 12.14042],
			"to": [8.4, 17.43262, 12.64042],
			"rotation": {"angle": 22.5, "axis": "x", "origin": [8, 17.18262, 12.39042]},
			"faces": {
				"north": {"uv": [12.66667, 10, 13.16667, 10.33333], "texture": "#3"},
				"east": {"uv": [5.33333, 13.33333, 5.66667, 13.66667], "texture": "#3"},
				"south": {"uv": [10.66667, 12.66667, 11.16667, 13], "texture": "#3"},
				"west": {"uv": [13.33333, 5.33333, 13.66667, 5.66667], "texture": "#3"}
			}
		},
		{
			"from": [7.6, 17.31792, 12.21707],
			"to": [8.4, 17.81792, 12.71707],
			"rotation": {"angle": 0, "axis": "x", "origin": [8, 17.56792, 12.46707]},
			"faces": {
				"north": {"uv": [11.33333, 12.66667, 11.83333, 13], "texture": "#3"},
				"east": {"uv": [6, 13.33333, 6.33333, 13.66667], "texture": "#3"},
				"south": {"uv": [12.66667, 12, 13.16667, 12.33333], "texture": "#3"},
				"west": {"uv": [13.33333, 6, 13.66667, 6.33333], "texture": "#3"}
			}
		},
		{
			"from": [7.6, 17.70322, 12.14042],
			"to": [8.4, 18.20322, 12.64042],
			"rotation": {"angle": -22.5, "axis": "x", "origin": [8, 17.95322, 12.39042]},
			"faces": {
				"north": {"uv": [12.66667, 12.66667, 13.16667, 13], "texture": "#3"},
				"east": {"uv": [6.66667, 13.33333, 7, 13.66667], "texture": "#3"},
				"south": {"uv": [13.33333, 0, 13.83333, 0.33333], "texture": "#3"},
				"west": {"uv": [13.33333, 6.66667, 13.66667, 7], "texture": "#3"},
				"up": {"uv": [13.83333, 1, 13.33333, 0.66667], "texture": "#3"}
			}
		},
		{
			"from": [7.75, 16.77678, 12.20429],
			"to": [8.25, 17.92678, 13.35429],
			"rotation": {"angle": 45, "axis": "x", "origin": [8, 17.35178, 12.77929]},
			"faces": {
				"north": {"uv": [1, 12.66667, 0.66667, 13.5], "rotation": 180, "texture": "#3"},
				"east": {"uv": [10, 0, 10.83333, 0.83333], "rotation": 270, "texture": "#3"},
				"south": {"uv": [13, 0.83333, 12.66667, 0], "texture": "#3"},
				"west": {"uv": [10, 1.33333, 10.83333, 2.16667], "rotation": 90, "texture": "#3"},
				"up": {"uv": [12, 12, 12.33333, 12.83333], "rotation": 180, "texture": "#3"},
				"down": {"uv": [0, 12.66667, 0.33333, 13.5], "texture": "#3"}
			}
		},
		{
			"from": [7.5, 5.75, 7.5],
			"to": [8.5, 7.5, 8.5],
			"rotation": {"angle": 0, "axis": "y", "origin": [7.5, 7.75, 7.5]},
			"faces": {
				"north": {"uv": [8.66667, 7.83333, 9.33333, 6.66667], "texture": "#3"},
				"east": {"uv": [8.66667, 9.16667, 9.33333, 8], "texture": "#3"},
				"south": {"uv": [13.33333, 8.5, 14, 7.33333], "texture": "#3"},
				"west": {"uv": [9.33333, 5.16667, 10, 4], "texture": "#3"},
				"up": {"uv": [12, 2.66667, 11.33333, 2], "texture": "#3"},
				"down": {"uv": [12, 1.33333, 11.33333, 2], "texture": "#3"}
			}
		},
		{
			"from": [7.4, 6.5, 7.4],
			"to": [8.6, 7, 8.6],
			"rotation": {"angle": 0, "axis": "y", "origin": [7.5, 7.5, 7.5]},
			"faces": {
				"north": {"uv": [8, 12.33333, 8.83333, 12], "texture": "#3"},
				"east": {"uv": [12, 8.33333, 12.83333, 8], "texture": "#3"},
				"south": {"uv": [12, 9, 12.83333, 8.66667], "texture": "#3"},
				"west": {"uv": [9.33333, 12.33333, 10.16667, 12], "texture": "#3"},
				"up": {"uv": [10.16667, 6.16667, 9.33333, 5.33333], "texture": "#3"},
				"down": {"uv": [5.5, 9.33333, 4.66667, 10.16667], "texture": "#3"}
			}
		},
		{
			"from": [7.055, 3.755, 7.655],
			"to": [8.945, 5.195, 9.095],
			"rotation": {"angle": 45, "axis": "x", "origin": [8, 4.85, 8]},
			"faces": {
				"north": {"uv": [7.33333, 2.33333, 8.66667, 1.33333], "texture": "#3"},
				"east": {"uv": [8.66667, 2.33333, 9.66667, 1.33333], "texture": "#3"},
				"south": {"uv": [7.33333, 3.66667, 8.66667, 2.66667], "texture": "#3"},
				"west": {"uv": [8.66667, 3.66667, 9.66667, 2.66667], "texture": "#3"},
				"up": {"uv": [8.66667, 6.33333, 7.33333, 5.33333], "texture": "#3"},
				"down": {"uv": [8.66667, 4, 7.33333, 5], "texture": "#3"}
			}
		},
		{
			"from": [7.255, 3.505, 7.405],
			"to": [8.745, 5.445, 9.345],
			"rotation": {"angle": 45, "axis": "x", "origin": [8, 4.85, 8]},
			"faces": {
				"north": {"uv": [6, 8.66667, 7, 7.33333], "texture": "#3"},
				"east": {"uv": [6, 4.66667, 7.33333, 3.33333], "texture": "#3"},
				"south": {"uv": [7.33333, 8, 8.33333, 6.66667], "texture": "#3"},
				"west": {"uv": [6, 6, 7.33333, 4.66667], "texture": "#3"},
				"up": {"uv": [9.66667, 1.33333, 8.66667, 0], "texture": "#3"},
				"down": {"uv": [8.33333, 8, 7.33333, 9.33333], "texture": "#3"}
			}
		},
		{
			"from": [7.39, 5.14, 7.39],
			"to": [8.61, 5.75, 8.61],
			"rotation": {"angle": 0, "axis": "y", "origin": [7.39, 5.75, 7.39]},
			"faces": {
				"north": {"uv": [12, 9.66667, 12.83333, 9.33333], "texture": "#3"},
				"east": {"uv": [10.66667, 12.33333, 11.5, 12], "texture": "#3"},
				"south": {"uv": [12, 11, 12.83333, 10.66667], "texture": "#3"},
				"west": {"uv": [12, 11.66667, 12.83333, 11.33333], "texture": "#3"},
				"up": {"uv": [8.16667, 10.16667, 7.33333, 9.33333], "texture": "#3"},
				"down": {"uv": [10.16667, 6.66667, 9.33333, 7.5], "texture": "#3"}
			}
		},
		{
			"from": [7.75, 2, 7],
			"to": [8.25, 4, 9],
			"rotation": {"angle": -45, "axis": "x", "origin": [8, 3, 8]},
			"faces": {
				"north": {"uv": [11.33333, 4, 11.66667, 2.66667], "texture": "#3"},
				"east": {"uv": [6, 7.33333, 7.33333, 6], "texture": "#3"},
				"south": {"uv": [13.33333, 10.83333, 13.66667, 9.5], "texture": "#3"},
				"west": {"uv": [7.33333, 1.33333, 8.66667, 0], "texture": "#3"},
				"up": {"uv": [5, 12.66667, 4.66667, 11.33333], "texture": "#3"},
				"down": {"uv": [11.66667, 4, 11.33333, 5.33333], "texture": "#3"}
			}
		},
		{
			"from": [7.3, 1.4, 7.58839],
			"to": [8.7, 2.4, 8.08839],
			"rotation": {"angle": 45, "axis": "x", "origin": [7.55, 2.025, 8.08839]},
			"faces": {
				"north": {"uv": [10, 3.33333, 11, 2.66667], "texture": "#3"},
				"east": {"uv": [2.66667, 13.33333, 3, 12.66667], "texture": "#3"},
				"south": {"uv": [10, 4, 11, 3.33333], "texture": "#3"},
				"west": {"uv": [3.33333, 13.33333, 3.66667, 12.66667], "texture": "#3"},
				"up": {"uv": [11.66667, 11.66667, 10.66667, 11.33333], "texture": "#3"},
				"down": {"uv": [12.33333, 10, 11.33333, 10.33333], "texture": "#3"}
			}
		},
		{
			"from": [7.3, 1.9, 8.08839],
			"to": [8.7, 2.4, 8.58839],
			"rotation": {"angle": 45, "axis": "x", "origin": [7.55, 2.025, 8.08839]},
			"faces": {
				"east": {"uv": [1.33333, 13.66667, 1.66667, 13.33333], "texture": "#3"},
				"south": {"uv": [0, 12.33333, 1, 12], "texture": "#3"},
				"west": {"uv": [13.33333, 1.66667, 13.66667, 1.33333], "texture": "#3"},
				"up": {"uv": [13, 1.66667, 12, 1.33333], "texture": "#3"},
				"down": {"uv": [2.33333, 12, 1.33333, 12.33333], "texture": "#3"}
			}
		},
		{
			"from": [7.3, 2.42383, 7.39455],
			"to": [8.7, 3.42383, 7.89455],
			"rotation": {"angle": -22.5, "axis": "x", "origin": [7.55, 2.79883, 7.39455]},
			"faces": {
				"north": {"uv": [10, 4.66667, 11, 4], "texture": "#3"},
				"east": {"uv": [4, 13.33333, 4.33333, 12.66667], "texture": "#3"},
				"south": {"uv": [10, 5.33333, 11, 4.66667], "texture": "#3"},
				"west": {"uv": [4.66667, 13.33333, 5, 12.66667], "texture": "#3"},
				"up": {"uv": [3.66667, 12.33333, 2.66667, 12], "texture": "#3"},
				"down": {"uv": [13, 2, 12, 2.33333], "texture": "#3"}
			}
		},
		{
			"from": [7.3, 2.42383, 6.89455],
			"to": [8.7, 2.92383, 7.39455],
			"rotation": {"angle": -22.5, "axis": "x", "origin": [7.55, 2.79883, 7.39455]},
			"faces": {
				"north": {"uv": [12, 3, 13, 2.66667], "texture": "#3"},
				"east": {"uv": [2, 13.66667, 2.33333, 13.33333], "texture": "#3"},
				"west": {"uv": [13.33333, 2.33333, 13.66667, 2], "texture": "#3"},
				"up": {"uv": [13, 4.33333, 12, 4], "texture": "#3"},
				"down": {"uv": [13, 3.33333, 12, 3.66667], "texture": "#3"}
			}
		},
		{
			"from": [7.3, 2.42383, 8.10545],
			"to": [8.7, 3.42383, 8.60545],
			"rotation": {"angle": 22.5, "axis": "x", "origin": [7.55, 2.79883, 8.60545]},
			"faces": {
				"north": {"uv": [6, 10.66667, 7, 10], "texture": "#3"},
				"east": {"uv": [5.33333, 13.33333, 5.66667, 12.66667], "texture": "#3"},
				"south": {"uv": [10, 10, 11, 9.33333], "texture": "#3"},
				"west": {"uv": [6, 13.33333, 6.33333, 12.66667], "texture": "#3"},
				"up": {"uv": [6.33333, 12.33333, 5.33333, 12], "texture": "#3"},
				"down": {"uv": [13, 4.66667, 12, 5], "texture": "#3"}
			}
		},
		{
			"from": [7.3, 2.42383, 8.60545],
			"to": [8.7, 2.92383, 9.10545],
			"rotation": {"angle": 22.5, "axis": "x", "origin": [7.55, 2.79883, 8.60545]},
			"faces": {
				"east": {"uv": [2.66667, 13.66667, 3, 13.33333], "texture": "#3"},
				"south": {"uv": [12, 5.66667, 13, 5.33333], "texture": "#3"},
				"west": {"uv": [13.33333, 3, 13.66667, 2.66667], "texture": "#3"},
				"up": {"uv": [7.66667, 12.33333, 6.66667, 12], "texture": "#3"},
				"down": {"uv": [13, 6, 12, 6.33333], "texture": "#3"}
			}
		},
		{
			"from": [7.4, 2.14372, 7.5],
			"to": [8.6, 3.14372, 8.5],
			"rotation": {"angle": 45, "axis": "x", "origin": [7.675, 2.64372, 8]},
			"faces": {
				"north": {"uv": [10, 10.66667, 10.83333, 10], "texture": "#3"},
				"east": {"uv": [5.33333, 12, 6, 11.33333], "texture": "#3"},
				"south": {"uv": [13.33333, 9.33333, 14.16667, 8.66667], "texture": "#3"},
				"west": {"uv": [6, 12, 6.66667, 11.33333], "texture": "#3"},
				"up": {"uv": [11.5, 6, 10.66667, 5.33333], "texture": "#3"},
				"down": {"uv": [6.16667, 10.66667, 5.33333, 11.33333], "texture": "#3"}
			}
		},
		{
			"from": [7.97825, -3.93789, 5.68449],
			"to": [8.02175, 0.54211, 7.67449],
			"rotation": {"angle": -45, "axis": "x", "origin": [8, 0.70211, 6.67949]},
			"faces": {
				"east": {"uv": [15.5, 3, 14.16667, 0], "texture": "#3"},
				"west": {"uv": [14.16667, 3, 15.5, 0], "texture": "#3"}
			}
		},
		{
			"from": [7.5, 0.05, 7.5],
			"to": [8.5, 2.05, 8.5],
			"rotation": {"angle": -22.5, "axis": "x", "origin": [7.5, 2.05, 7.5]},
			"faces": {
				"north": {"uv": [8.66667, 5.33333, 9.33333, 4], "texture": "#3"},
				"east": {"uv": [8.66667, 6.66667, 9.33333, 5.33333], "texture": "#3"},
				"south": {"uv": [6, 10, 6.66667, 8.66667], "texture": "#3"},
				"west": {"uv": [6.66667, 10, 7.33333, 8.66667], "texture": "#3"},
				"down": {"uv": [12, 6, 11.33333, 6.66667], "texture": "#3"}
			}
		},
		{
			"from": [7.6, -0.63825, 8.86737],
			"to": [8.4, 0.86175, 9.66737],
			"rotation": {"angle": -45, "axis": "x", "origin": [8, -0.13825, 9.31737]},
			"faces": {
				"north": {"uv": [8, 11.66667, 8.5, 10.66667], "texture": "#3"},
				"east": {"uv": [8.66667, 11.66667, 9.16667, 10.66667], "texture": "#3"},
				"south": {"uv": [9.33333, 11.66667, 9.83333, 10.66667], "texture": "#3"},
				"west": {"uv": [10, 11.66667, 10.5, 10.66667], "texture": "#3"}
			}
		},
		{
			"from": [7.5, -1.29766, 9.30606],
			"to": [8.5, -0.04766, 10.55606],
			"rotation": {"angle": 22.5, "axis": "x", "origin": [8, -0.97266, 10.13106]},
			"faces": {
				"north": {"uv": [10.66667, 6.83333, 11.33333, 6], "texture": "#3"},
				"east": {"uv": [9.33333, 8.83333, 10.16667, 8], "texture": "#3"},
				"south": {"uv": [6.66667, 11.5, 7.33333, 10.66667], "texture": "#3"},
				"west": {"uv": [8.66667, 10.16667, 9.5, 9.33333], "texture": "#3"},
				"up": {"uv": [11.33333, 8.16667, 10.66667, 7.33333], "texture": "#3"},
				"down": {"uv": [8, 10.66667, 7.33333, 11.5], "texture": "#3"}
			}
		},
		{
			"from": [7.6, -0.9834, 10.34396],
			"to": [8.4, -0.4834, 11.34396],
			"rotation": {"angle": -22.5, "axis": "x", "origin": [8, -0.7334, 10.84396]},
			"faces": {
				"east": {"uv": [6.66667, 13, 7.33333, 12.66667], "texture": "#3"},
				"west": {"uv": [12.66667, 7, 13.33333, 6.66667], "texture": "#3"},
				"up": {"uv": [12.5, 8, 12, 7.33333], "texture": "#3"},
				"down": {"uv": [12.5, 6.66667, 12, 7.33333], "texture": "#3"}
			}
		},
		{
			"from": [7.6, -0.81108, 11.21023],
			"to": [8.4, -0.31108, 11.71023],
			"rotation": {"angle": 0, "axis": "x", "origin": [8, -0.56108, 11.71023]},
			"faces": {
				"east": {"uv": [3.33333, 13.66667, 3.66667, 13.33333], "texture": "#3"},
				"west": {"uv": [13.33333, 3.66667, 13.66667, 3.33333], "texture": "#3"},
				"up": {"uv": [13.16667, 7.66667, 12.66667, 7.33333], "texture": "#3"},
				"down": {"uv": [7.83333, 12.66667, 7.33333, 13], "texture": "#3"}
			}
		},
		{
			"from": [7.6, -0.88773, 11.59553],
			"to": [8.4, -0.38773, 12.09553],
			"rotation": {"angle": 22.5, "axis": "x", "origin": [8, -0.63773, 11.84553]},
			"faces": {
				"east": {"uv": [4, 13.66667, 4.33333, 13.33333], "texture": "#3"},
				"west": {"uv": [13.33333, 4.33333, 13.66667, 4], "texture": "#3"},
				"up": {"uv": [9.16667, 13, 8.66667, 12.66667], "texture": "#3"},
				"down": {"uv": [8.5, 12.66667, 8, 13], "texture": "#3"}
			}
		},
		{
			"from": [7.6, -1.10598, 11.92217],
			"to": [8.4, -0.60598, 12.42217],
			"rotation": {"angle": 45, "axis": "x", "origin": [8, -0.85598, 12.17217]},
			"faces": {
				"east": {"uv": [4.66667, 13.66667, 5, 13.33333], "texture": "#3"},
				"west": {"uv": [13.33333, 5, 13.66667, 4.66667], "texture": "#3"},
				"up": {"uv": [10.5, 13, 10, 12.66667], "texture": "#3"},
				"down": {"uv": [9.83333, 12.66667, 9.33333, 13], "texture": "#3"}
			}
		},
		{
			"from": [7.6, -1.43262, 12.14042],
			"to": [8.4, -0.93262, 12.64042],
			"rotation": {"angle": -22.5, "axis": "x", "origin": [8, -1.18262, 12.39042]},
			"faces": {
				"north": {"uv": [12.66667, 10.33333, 13.16667, 10], "texture": "#3"},
				"east": {"uv": [5.33333, 13.66667, 5.66667, 13.33333], "texture": "#3"},
				"south": {"uv": [10.66667, 13, 11.16667, 12.66667], "texture": "#3"},
				"west": {"uv": [13.33333, 5.66667, 13.66667, 5.33333], "texture": "#3"}
			}
		},
		{
			"from": [7.6, -1.81792, 12.21707],
			"to": [8.4, -1.31792, 12.71707],
			"rotation": {"angle": 0, "axis": "x", "origin": [8, -1.56792, 12.46707]},
			"faces": {
				"north": {"uv": [11.33333, 13, 11.83333, 12.66667], "texture": "#3"},
				"east": {"uv": [6, 13.66667, 6.33333, 13.33333], "texture": "#3"},
				"south": {"uv": [12.66667, 12.33333, 13.16667, 12], "texture": "#3"},
				"west": {"uv": [13.33333, 6.33333, 13.66667, 6], "texture": "#3"}
			}
		},
		{
			"from": [7.6, -2.20322, 12.14042],
			"to": [8.4, -1.70322, 12.64042],
			"rotation": {"angle": 22.5, "axis": "x", "origin": [8, -1.95322, 12.39042]},
			"faces": {
				"north": {"uv": [12.66667, 13, 13.16667, 12.66667], "texture": "#3"},
				"east": {"uv": [6.66667, 13.66667, 7, 13.33333], "texture": "#3"},
				"south": {"uv": [13.33333, 0.33333, 13.83333, 0], "texture": "#3"},
				"west": {"uv": [13.33333, 7, 13.66667, 6.66667], "texture": "#3"},
				"down": {"uv": [13.83333, 0.66667, 13.33333, 1], "texture": "#3"}
			}
		},
		{
			"from": [7.3, -1.09766, 9.50606],
			"to": [8.7, -0.24766, 10.35606],
			"rotation": {"angle": 22.5, "axis": "x", "origin": [8, -0.97266, 10.13106]},
			"faces": {
				"north": {"uv": [10.66667, 9.16667, 11.66667, 8.66667], "texture": "#3"},
				"east": {"uv": [1.33333, 13.16667, 1.83333, 12.66667], "texture": "#3"},
				"south": {"uv": [10.66667, 11.16667, 11.66667, 10.66667], "texture": "#3"},
				"west": {"uv": [2, 13.16667, 2.5, 12.66667], "texture": "#3"},
				"up": {"uv": [12.33333, 1.16667, 11.33333, 0.66667], "texture": "#3"},
				"down": {"uv": [12.33333, 0, 11.33333, 0.5], "texture": "#3"}
			}
		},
		{
			"from": [7.75, -1.92678, 12.20429],
			"to": [8.25, -0.77678, 13.35429],
			"rotation": {"angle": -45, "axis": "x", "origin": [8, -1.35178, 12.77929]},
			"faces": {
				"north": {"uv": [1, 13.5, 0.66667, 12.66667], "rotation": 180, "texture": "#3"},
				"east": {"uv": [10, 0.83333, 10.83333, 0], "rotation": 90, "texture": "#3"},
				"south": {"uv": [13, 0, 12.66667, 0.83333], "texture": "#3"},
				"west": {"uv": [10, 2.16667, 10.83333, 1.33333], "rotation": 270, "texture": "#3"},
				"up": {"uv": [0, 13.5, 0.33333, 12.66667], "texture": "#3"},
				"down": {"uv": [12, 12.83333, 12.33333, 12], "rotation": 180, "texture": "#3"}
			}
		},
		{
			"from": [7.975, -0.85, 12.6],
			"to": [8.025, 16.85, 18.6],
			"rotation": {"angle": 0, "axis": "y", "origin": [7.975, -1, 12.6]},
			"faces": {
				"east": {"uv": [4, 0, 0, 11.83333], "texture": "#3"},
				"west": {"uv": [0, 0, 4, 11.83333], "texture": "#3"}
			}
		},
		{
			"from": [6.875, 7.975, 1.75],
			"to": [9.125, 8.025, 15.75],
			"rotation": {"angle": 45, "axis": "z", "origin": [8, 8, 8.75]},
			"faces": {
				"up": {"uv": [5.83333, 9.33333, 4.33333, 0], "texture": "#3"},
				"down": {"uv": [5.83333, 0, 4.33333, 9.33333], "texture": "#3"}
			}
		},
		{
			"from": [6.875, 7.975, 1.75],
			"to": [9.125, 8.025, 15.75],
			"rotation": {"angle": -45, "axis": "z", "origin": [8, 8, 8.75]},
			"faces": {
				"up": {"uv": [5.83333, 9.33333, 4.33333, 0], "texture": "#3"},
				"down": {"uv": [5.83333, 0, 4.33333, 9.33333], "texture": "#3"}
			}
		}
	],
	"gui_light": "front",
	"display": {
		"thirdperson_righthand": {
			"translation": [0, -2, 0.5]
		},
		"thirdperson_lefthand": {
			"translation": [0, -2, 0.5]
		},
		"firstperson_righthand": {
			"rotation": [20, 19, 0],
			"translation": [0, 2.5, -0.5]
		},
		"firstperson_lefthand": {
			"rotation": [20, -20, 0],
			"translation": [1, 2.5, -0.25]
		},
		"ground": {
			"rotation": [45, 0, 0],
			"translation": [0, 13.75, 0]
		},
		"gui": {
			"rotation": [90, 45, 90],
			"translation": [-1.5, 1.5, 0],
			"scale": [0.81055, 0.81055, 0.81055]
		},
		"head": {
			"rotation": [90, 45, 90],
			"scale": [1.5, 1.5, 1.5]
		},
		"fixed": {
			"rotation": [90, -90, 90],
			"translation": [3.75, 0, -1],
			"scale": [1.5, 1.5, 1.5]
		}
	}
}